Image Name,Steering Angle
1718767007.png,1.987071561966374e-10
1718767008.png,-3.5758464817757196e-11
1718767009.png,-3.930977074417092e-11
1718767010.png,-3.922826576710673e-11
1718767011.png,-3.923001342150679e-11
1718767012.png,-3.9227559991104464e-11
1718767013.png,-3.9228774890791583e-11
1718767014.png,-3.9228134010324453e-11
1718767015.png,-3.9229160286944466e-11
1718767016.png,-3.9227552725613185e-11
1718767017.png,-3.9228801938168246e-11
1718767018.png,-3.1896593658767265e-11
1718767019.png,-4.296822791610382e-11
1718767020.png,-4.291456266833148e-11
1718767021.png,-0.34713520409106446
1718767022.png,0.004070668303025372
1718767023.png,-0.11569849761985618
1718767024.png,-3.860199367061655e-05
1718767025.png,-4.14769536039359e-09
1718767026.png,4.020998723269601e-10
1718767027.png,1.9905075288609218e-10
1718767028.png,-4.507794551934421e-10
1718767029.png,4.63023317225141e-10
1718767030.png,3.9998946843389305e-10
1718767031.png,-5.99271423978313e-10
1718767032.png,5.013359695875602e-10
1718767033.png,-2.0453713071541697e-10
1718767034.png,-5.365182194820245e-10
1718767035.png,5.058428719010543e-10
1718767036.png,-1.3306267170697907e-10
1718767037.png,-5.984657003328585e-10
1718767038.png,1.7487377039470565e-10
1718767039.png,3.322639869275394e-11
1718767040.png,-4.597520546352323e-10
1718767041.png,4.08260307890325e-10
1718767042.png,0.28587619977059797
1718767043.png,-0.012973873911203068
1718767044.png,-0.07693109712362814
1718767045.png,-1.4725276083505748e-05
1718767046.png,-0.026678474445956942
1718767047.png,-0.36795309320435315
1718767048.png,-0.00019584138312448815
1718767049.png,-0.002040478267910254
1718767050.png,-0.013925760217564049
1718767051.png,-0.0007073537267610053
1718767052.png,-0.3392720139340945
1718767053.png,-0.20318548433981004
1718767054.png,-0.00025487483928360105
1718767055.png,-3.902184294464792e-08
1718767056.png,-0.011587262819119398
1718767057.png,-0.005275869661839942
1718767058.png,-6.804148802213983e-07
1718767059.png,-0.005196358574298744
1718767060.png,0.00013040642310979493
1718767061.png,6.005254574305082e-09
1718767062.png,0.0017161972478920004
1718767064.png,2.618779048329543e-07
1718767065.png,7.2290493093705226e-09
1718767066.png,9.19818961171327e-09
1718767067.png,5.481467023478398e-09
1718767068.png,2.931651716439188e-09
1718767069.png,-1.8514736187020639e-09
1718767070.png,-7.52772956535976e-09
1718767071.png,-8.918244678180264e-09
1718767072.png,-6.073040580305492e-09
1718767073.png,-8.877174015316728e-09
1718767074.png,-8.914942444973604e-09
1718767075.png,-9.505273638061226e-09
1718767076.png,-8.121072680630129e-09
1718767077.png,-9.270173458726279e-09
1718767078.png,-8.198913425915451e-09
1718767079.png,-8.6891837408711e-09
1718767080.png,-7.121860407345487e-09
1718767081.png,-0.30278529925417175
1718767082.png,0.016378908609612886
1718767083.png,2.3298206950710342e-06
1718767084.png,-0.0014050565120870668
1718767085.png,-2.0003874077157758e-07
1718767086.png,0.004307521698978927
1718767087.png,6.802374608680826e-07
1718767088.png,-9.764471125507779e-09
1718767089.png,-7.2310312666631775e-09
1718767090.png,-4.859378059629755e-09
1718767091.png,5.781172883691414e-09
1718767092.png,0.29033924872499267
1718767093.png,0.2612551952890931
1718767094.png,-0.023958090270244176
1718767095.png,0.24154871639976633
1718767096.png,-0.18513442802845426
1718767097.png,-3.903689730388297e-05
1718767098.png,-0.0023482492618416857
1718767099.png,-4.13294310279682e-07
1718767100.png,-6.379107649830017e-09
1718767101.png,-1.0667989168315068e-09
1718767102.png,-0.000492419025215866
1718767103.png,-0.11748056948392516
1718767104.png,-0.11904476001505822
1718767105.png,-0.013867844477113766
1718767106.png,-0.0005711797276670141
1718767107.png,-7.38451848219963e-08
1718767108.png,-1.246806501018859e-09
1718767109.png,-3.926870849044211e-09
1718767110.png,-0.0071218327345420225
1718767111.png,-0.01620745204907343
1718767112.png,-0.11960725852194229
1718767113.png,-0.16265492581938568
1718767114.png,-9.494640950729649e-05
1718767115.png,-0.1816682750306319
1718767116.png,0.04345491344476174
1718767117.png,4.245538949636639e-05
1718767118.png,-7.477815236246502e-09
1718767119.png,-8.093404988065999e-09
1718767120.png,2.0014677560609898e-08
1718767121.png,-0.002476763378722706
1718767122.png,-0.009733099228695311
1718767123.png,0.00011204621610954414
1718767124.png,-0.2589043767795886
1718767125.png,0.005889187233249095
1718767126.png,7.07617272632863e-07
1718767127.png,-8.08713847107467e-09
1718767128.png,-0.0008707871960341462
1718767129.png,0.0007874148849553897
1718767130.png,1.4992692231770295e-07
1718767131.png,-5.089962407017101e-09
1718767132.png,1.7230912920042743e-08
1718767133.png,5.478356946833703e-09
1718767134.png,-1.2109915088281668e-08
1718767135.png,5.170356241906317e-09
1718767136.png,-9.56700498463309e-10
1718767137.png,-1.5080756206342258e-08
1718767138.png,1.9319803206928287e-08
1718767139.png,-1.6197605110268238e-08
1718767140.png,1.661128255454492e-08
1718767141.png,-1.852924811272388e-08
1718767142.png,1.8712408600973238e-08
1718767143.png,-0.0033672498581619964
1718767144.png,-5.328641842082207e-07
1718767145.png,-0.08678270115415625
1718767146.png,-0.0008432227981980864
1718767147.png,-0.14006407244709174
1718767148.png,-0.0001996302897345505
1718767149.png,-0.0021859661928024785
1718767150.png,-0.04898731505082973
1718767151.png,-5.0467516666416185e-06
1718767152.png,-0.0010609021268624579
1718767153.png,-0.0030943663773352025
1718767154.png,-3.528425922995285e-07
1718767155.png,-0.0020386868718035465
1718767156.png,-3.093540938976925e-07
1718767157.png,-9.666816370265429e-09
1718767158.png,5.074071267093181e-09
1718767159.png,-0.0003537446966210369
1718767160.png,-3.1877576101376556e-08
1718767161.png,2.958006549335662e-09
1718767162.png,-1.4274797735846934e-08
1718767163.png,-0.04580657102616518
1718767164.png,-0.0018180411024697643
1718767165.png,-0.16604977440601015
1718767166.png,0.11384021173058848
1718767167.png,0.00040127212194102037
1718767168.png,0.05810751118635934
1718767169.png,0.2954131015073744
1718767170.png,0.00026727274576359935
1718767171.png,0.01591704561762037
1718767172.png,0.01577274618391964
1718767173.png,0.000596207998502885
1718767174.png,-0.027729899861339828
1718767175.png,-0.3548452274785828
1718767176.png,-0.06360192094214426
1718767177.png,-0.0004457927213403405
1718767178.png,-5.952852792493992e-08
1718767179.png,-0.2890853817839321
1718767180.png,-0.310256439063671
1718767181.png,-0.00017117792557992472
1718767182.png,-0.00802474245606469
1718767183.png,-0.23283378994064233
1718767184.png,-3.494813952710323e-05
1718767185.png,-1.6838640640933526e-08
1718767186.png,-0.062103288758635515
1718767187.png,-8.008611689162442e-06
1718767188.png,-0.002655514625860264
1718767189.png,-0.33115364910390876
1718767190.png,-0.00010178461836373284
1718767191.png,-0.0002024811729606479
1718767192.png,-0.0009652474579955358
1718767193.png,-0.0016461503316286164
1718767194.png,-0.03274417994029734
1718767195.png,-0.016150583555698615
1718767197.png,-0.07223201949952325
1718767198.png,-1.399899015154037e-05
1718767199.png,-0.11365666704949401
1718767200.png,-1.802195468903377e-05
1718767201.png,-6.769700691452553e-10
1718767202.png,-2.2536624964367655e-09
1718767203.png,-1.3545422422559686e-08
1718767204.png,-9.227243386310705e-09
1718767205.png,-0.00013778117978499935
1718767206.png,-0.005264590368580896
1718767207.png,0.002632742488570968
1718767208.png,5.431562266258052e-07
1718767209.png,-0.0006661613146032599
1718767210.png,-0.0014470725942052694
1718767211.png,-2.9582780954196404e-07
1718767212.png,0.001882135771422776
1718767213.png,0.013149774853372374
1718767214.png,0.21363393025160823
1718767215.png,4.333151631240183e-05
1718767216.png,0.13508810341711536
1718767217.png,0.4306542316097725
1718767218.png,0.14255368788368117
1718767219.png,-0.00015707533840973948
1718767220.png,-7.016627453670039e-06
1718767221.png,0.021397901743416596
1718767222.png,-0.0003376980575513683
1718767223.png,-0.00221021617574011
1718767224.png,-0.0017232656607257867
1718767225.png,-0.0008178413746245201
1718767226.png,-0.01741211861239486
1718767227.png,-0.17198525768319897
1718767228.png,-0.00018495679418441616
1718767229.png,-0.007468268673388801
1718767230.png,-8.777313457486054e-07
1718767231.png,-0.0030307781530962857
1718767232.png,-5.435388316508446e-07
1718767233.png,-0.015884094465437655
1718767234.png,-1.7976466622631569e-06
1718767235.png,7.1186546111458665e-09
1718767236.png,-0.03689667703003276
1718767237.png,-0.0798671305640943
1718767238.png,-9.051641165748954e-06
1718767239.png,-8.514677135853358e-09
1718767240.png,-1.8237261163786606e-08
1718767241.png,-2.1393909241950045e-08
1718767242.png,-1.9176372218761266e-08
1718767243.png,-2.0390287726877864e-08
1718767244.png,-1.5786058710352718e-08
1718767245.png,0.03147992313701729
1718767246.png,5.413015562853649e-06
1718767247.png,7.2174210572221276e-09
1718767248.png,1.4111091613947796e-08
1718767249.png,1.6078795654732466e-08
1718767250.png,1.3952844043324983e-08
1718767251.png,-0.18146838498777496
1718767252.png,-0.3250824744545389
1718767253.png,-5.782088650954824e-05
1718767254.png,-0.0036567724564953294
1718767255.png,-0.014059305850476024
1718767256.png,-1.6195579503089208e-06
1718767257.png,-0.09418973038349851
1718767258.png,-1.1674671035731984e-05
1718767259.png,-0.02651118970098184
1718767260.png,-0.20150291360006287
1718767261.png,-3.2274533471613506e-05
1718767262.png,-0.0009862137300531543
1718767263.png,-0.09382910811913456
1718767264.png,-1.4188146829267224e-05
1718767265.png,-0.027067184190979178
1718767266.png,0.2929360086124021
1718767267.png,0.0001662263216061899
1718767268.png,-0.05168983170291845
1718767269.png,0.007994876584963978
1718767270.png,-0.00014775476297592056
1718767271.png,-2.5636521602840207e-08
1718767272.png,-8.517456206629819e-09
1718767273.png,-0.011884634249644886
1718767274.png,0.003822822512284594
1718767275.png,-0.0029147443289333514
1718767276.png,-0.0007793856382853353
1718767277.png,0.07677467458953657
1718767278.png,1.1591368037027957e-05
1718767279.png,-0.011923329176749264
1718767280.png,-6.964011356624264e-07
1718767281.png,-0.08068325201036858
1718767282.png,-0.06995350729242442
1718767283.png,-0.3227035536316067
1718767284.png,-0.02209737369217766
1718767285.png,-0.012893596615753969
1718767286.png,-0.019433034906068215
1718767287.png,-0.0008955004901700601
1718767288.png,-8.877948927484539e-08
1718767289.png,-0.0013358011463435139
1718767290.png,-0.003784509324074189
1718767291.png,-0.1825884806330969
1718767292.png,0.0031142651502477983
1718767293.png,0.006627457014199748
1718767294.png,0.2587724954062711
1718767295.png,0.0193962390805199
1718767296.png,0.016177651681991367
1718767297.png,0.16648810853994456
1718767298.png,0.01894466624196673
1718767299.png,-0.0072492378352115045
1718767300.png,-0.05970180230935736
1718767301.png,-0.12129526129492135
1718767302.png,-1.6660257541277224e-05
1718767303.png,6.9064915377802886e-09
1718767304.png,8.269062853702775e-09
1718767305.png,-0.05928630684635047
1718767306.png,-0.10206695092806428
1718767307.png,-0.10960272802642895
1718767308.png,-0.05864036126343472
1718767309.png,-0.007252881093248333
1718767310.png,-1.4049929282348685e-06
1718767311.png,-0.018084369984107316
1718767312.png,-0.0139606612019866
1718767313.png,-0.0007039101373501937
1718767314.png,-1.4235786621791217e-07
1718767315.png,3.887184915435873e-09
1718767316.png,-0.057125211737639806
1718767317.png,0.043795970458281805
1718767318.png,9.018195133929945e-05
1718767319.png,1.0880536796093115e-11
1718767320.png,-9.433566630265454e-09
1718767321.png,-9.419479992227461e-09
1718767322.png,-9.983411656165745e-09
1718767323.png,-1.0505999027534756e-08
1718767324.png,-9.674814268393215e-09
1718767325.png,-1.0471440804608584e-08
1718767326.png,-1.0220707261388642e-08
1718767327.png,-7.155918985682991e-09
1718767328.png,-3.2544456636570012e-09
1718767329.png,-6.055431230159232e-09
1718767330.png,-1.8724272184961645e-09
1718767331.png,5.484037079097386e-09
1718767332.png,-4.509823253759039e-10
1718767333.png,5.401667558202998e-09
1718767334.png,1.0418819732831625e-08
1718767335.png,1.055461588024682e-08
1718767336.png,1.5015213978543585e-09
1718767337.png,-1.2185742206456477e-08
1718767338.png,6.464073531687912e-09
1718767339.png,1.242984763868607e-08
1718767340.png,-5.340550251078917e-05
1718767341.png,-0.05398659596815395
1718767342.png,0.005254817692045598
1718767343.png,-0.01380553554179309
1718767344.png,-1.6475494644393574e-06
1718767345.png,-6.9981352442900005e-09
1718767346.png,-0.03147330435465596
1718767347.png,0.18082305944525207
1718767348.png,-0.03837654628703102
1718767350.png,-8.016778218198381e-06
1718767351.png,1.2098055822017835e-08
1718767352.png,-0.010760546478925381
1718767353.png,0.2678506720551391
1718767354.png,-0.03054345595001744
1718767355.png,-0.044191226062086406
1718767356.png,-0.02473546531885608
1718767357.png,-0.0031474680619492743
1718767358.png,-0.011782663931584975
1718767359.png,-0.03131174667611716
1718767360.png,-0.014263321872511584
1718767361.png,-3.1081407060877704e-06
1718767362.png,-0.001754537855936677
1718767363.png,-2.3711067894402307e-07
1718767364.png,-2.6006479210549063e-09
1718767365.png,-0.03454567371433204
1718767366.png,-0.02786739888985764
1718767367.png,-0.0003025168855347567
1718767368.png,-5.317070971445722e-08
1718767369.png,-5.25170031513695e-09
1718767370.png,-0.007158816311024725
1718767371.png,-1.0924760236348093e-06
1718767372.png,1.0854961154867406e-08
1718767373.png,-1.4363855292341152e-08
1718767374.png,-7.645723568460105e-10
1718767375.png,1.4363987536191656e-08
1718767376.png,-6.050127334027683e-09
1718767377.png,-4.76169899978932e-09
1718767378.png,1.3585277832050243e-08
1718767379.png,1.8916131587603386e-10
1718767380.png,-1.1717354248227093e-08
1718767381.png,1.2923554464230701e-08
1718767382.png,1.2913603149513023e-08
1718767383.png,-6.404975713321053e-09
1718767384.png,-8.583196707248054e-09
1718767385.png,1.28357485903901e-08
1718767386.png,1.3026685106037855e-08
1718767387.png,-1.0065262244153027e-08
1718767388.png,-2.349541651316595e-09
1718767389.png,1.3676112374859664e-08
1718767390.png,-2.3073637672691933e-09
1718767391.png,-6.253656937578182e-09
1718767392.png,1.4155544729094037e-08
1718767393.png,1.7790682511404786e-09
1718767394.png,-1.426956986433863e-08
1718767395.png,7.115636923513271e-09
1718767396.png,9.67523563164723e-09
1718767397.png,-1.2219887351163872e-08
1718767398.png,-1.373440528356299e-09
1718767399.png,1.4099781351948344e-08
1718767400.png,1.4033506526267248e-09
1718767401.png,-1.1072960146367674e-08
1718767402.png,1.241399130617037e-08
1718767403.png,5.385204359805465e-09
1718767404.png,-1.4508282795821074e-08
1718767405.png,9.836182204360643e-09
1718767406.png,1.4033227249407958e-08
1718767407.png,-5.894710309219192e-09
1718767408.png,-5.012604249068105e-09
1718767409.png,1.4254109417195214e-08
1718767410.png,1.0837107958551225e-08
1718767411.png,-1.4489912604538046e-08
1718767412.png,8.309914544564488e-09
1718767413.png,1.3116500482123024e-08
1718767414.png,-4.0387134774315155e-09
1718767415.png,0.06255648995365581
1718767416.png,-0.06934851671963764
1718767417.png,-0.040003954977796755
1718767418.png,-0.0220699927553133
1718767419.png,-0.045595575669915546
1718767420.png,-0.24017978250420188
1718767421.png,-3.38959952627515e-05
1718767422.png,-0.3433996534961985
1718767423.png,-0.0001910551811253654
1718767424.png,-6.805032049637928e-09
1718767425.png,-0.2867161306638296
1718767426.png,-0.009500253978043091
1718767427.png,-0.14077816088773662
1718767428.png,-1.1901370101580969e-05
1718767429.png,3.3667850299803016e-09
1718767430.png,-0.005743608474619003
1718767431.png,0.0037839829468835962
1718767432.png,3.5820036365518524e-07
1718767433.png,5.494042111629906e-09
1718767434.png,6.038046304779434e-09
1718767435.png,0.07686908131602707
1718767436.png,8.993992184020712e-06
1718767437.png,8.946963951476522e-09
1718767438.png,-3.116631012835195e-10
1718767439.png,-9.716618091408114e-09
1718767440.png,0.29628373177684125
1718767441.png,-0.044064262692624964
1718767442.png,-6.372005068030686e-06
1718767443.png,-1.4216125003095194e-09
1718767444.png,7.155584467486789e-09
1718767445.png,-4.142031169622508e-09
1718767446.png,-5.954977177973982e-09
1718767447.png,7.211811296154788e-09
1718767448.png,1.6619130924670869e-09
1718767449.png,-7.808992646174911e-09
1718767450.png,6.975136157106359e-10
1718767451.png,7.103667638650671e-09
1718767452.png,-7.049172776895563e-10
1718767453.png,-0.007936490540114739
1718767454.png,-6.115471635055012e-07
1718767455.png,-8.928041353837984e-09
1718767456.png,-4.001590917758921e-09
1718767457.png,9.117132237971833e-09
1718767458.png,-3.238450644707478e-09
1718767459.png,0.0010959533780419402
1718767460.png,1.4666626323828334e-07
1718767461.png,7.046914094107944e-09
1718767462.png,-4.223801474821343e-09
1718767463.png,-6.353165489511875e-09
1718767464.png,7.936881923128487e-09
1718767465.png,5.777949771909027e-10
1718767466.png,-6.956098928614367e-09
1718767467.png,3.1662174056908734e-09
1718767468.png,4.060991633504894e-09
1718767469.png,-6.360577757213402e-09
1718767470.png,-8.22719534433879e-09
1718767471.png,7.972566415713185e-09
1718767472.png,-7.2790173071672776e-09
1718767473.png,-6.862141235710708e-09
1718767474.png,6.426932182444293e-09
1718767475.png,2.7078854471446098e-09
1718767476.png,-8.24132281844498e-09
1718767477.png,-4.075048797462836e-09
1718767478.png,7.643436690861623e-09
1718767479.png,2.5721327976852913e-10
1718767480.png,-8.073621813353129e-09
1718767481.png,9.088942037922867e-10
1718767482.png,7.853736808823933e-09
1718767483.png,-9.138202702418778e-10
1718767484.png,-8.039889893841635e-09
1718767485.png,2.0600753541529198e-09
1718767486.png,6.821511919661754e-09
1718767487.png,-0.10033086257436995
1718767488.png,0.0027851902724081185
1718767489.png,3.13967536142176e-07
1718767490.png,-2.498685535066276e-09
1718767491.png,-8.311455218989235e-09
1718767492.png,-3.2499944488781595e-09
1718767493.png,-0.06385076934294759
1718767494.png,-0.0007394525997372273
1718767495.png,-0.00343378293440335
1718767496.png,-0.031364909822783754
1718767497.png,-4.166468905330841e-06
1718767499.png,-1.7330721064488528e-08
1718767500.png,-0.007935474947022587
1718767501.png,-0.054866766530843505
1718767502.png,-0.1975698991732917
1718767503.png,-4.088511073925907e-05
1718767504.png,-0.001812269724056197
1718767505.png,-0.07494701745315076
1718767506.png,-1.5777121176889644e-05
1718767507.png,-0.0025343168630149963
1718767508.png,-3.235258918130849e-07
1718767509.png,2.631767305951234e-09
1718767510.png,-1.6382249616235313e-09
1718767511.png,1.2832492486365713e-09
1718767512.png,3.5994334101522396e-09
1718767513.png,-3.9511153767424014e-09
1718767514.png,0.001548548887641903
1718767515.png,9.826811652029569e-08
1718767516.png,1.1413779431394824e-08
1718767517.png,1.2617000922041354e-08
1718767518.png,-8.734048294674947e-09
1718767519.png,-0.011909656632816732
1718767520.png,0.0007004593786008207
1718767521.png,1.1862954722427485e-07
1718767522.png,-1.3388788686947162e-08
1718767523.png,-8.339832754613202e-09
1718767524.png,5.480565770352396e-09
1718767525.png,2.622880332237938e-09
1718767526.png,-1.3591552369568412e-08
1718767527.png,-8.778595600720308e-09
1718767528.png,1.0261080850506021e-08
1718767529.png,1.0065709833676305e-09
1718767530.png,-1.259104934460162e-08
1718767531.png,-3.5082466843714265e-09
1718767532.png,1.3079741561890246e-08
1718767533.png,5.735162941107745e-09
1718767534.png,-1.231596148442834e-08
1718767535.png,2.4502971996609958e-09
1718767536.png,1.2836597226990541e-08
1718767537.png,-4.390398768466025e-09
1718767538.png,-1.2094390774255666e-08
1718767539.png,-8.399159874623698e-09
1718767540.png,1.3380456995079342e-08
1718767541.png,4.74248961831149e-09
1718767542.png,-7.317008646260279e-09
1718767543.png,-1.1696964903524609e-08
1718767544.png,8.792532704987574e-09
1718767545.png,-0.11302678896312439
1718767546.png,-2.0397435339952233e-05
1718767547.png,-5.212794838335761e-09
1718767548.png,1.2135448880501727e-08
1718767549.png,4.7024953024651624e-09
1718767550.png,-1.1532152087912937e-08
1718767551.png,2.832408039929457e-09
1718767552.png,9.179488129476612e-09
1718767553.png,1.0943438846587019e-08
1718767554.png,-0.25913715673779164
1718767555.png,0.028236482585880032
1718767556.png,0.0009025816133458802
1718767557.png,1.2055470931113012e-07
1718767558.png,-6.969617154609734e-09
1718767559.png,-5.254346149239648e-09
1718767560.png,9.180722015565943e-09
1718767561.png,-1.8691658934705804e-09
1718767562.png,-0.005200648180856469
1718767563.png,-0.0024497026991588938
1718767564.png,-0.012395473668601283
1718767565.png,-0.30766060001491835
1718767566.png,0.01708551304317501
1718767567.png,-0.0003354206665976646
1718767568.png,-0.26325277370527056
1718767569.png,-0.043666253229980315
1718767570.png,-0.0003417184289565701
1718767571.png,0.0019002025562987683
1718767572.png,-0.0002678528498397157
1718767573.png,-0.0009516334762090487
1718767574.png,-8.033481856565052e-08
1718767575.png,1.1349133063734277e-08
1718767576.png,-0.04429500210993159
1718767577.png,-0.018719730864817447
1718767578.png,-1.554881632828344e-06
1718767579.png,7.3502505828292e-09
1718767580.png,-2.4481093685329228e-08
1718767581.png,-0.01086993231119755
1718767582.png,-1.6605960070416576e-06
1718767583.png,2.071668681747118e-08
1718767584.png,0.31159951234234673
1718767585.png,-0.010106849704269392
1718767586.png,-1.382899878315893e-06
1718767587.png,1.6564511206007667e-08
1718767588.png,1.0539018709847516e-08
1718767589.png,-1.9637905870115422e-08
1718767590.png,4.178212271031684e-09
1718767591.png,1.8893717190915723e-08
1718767592.png,-3.8873545575162925e-09
1718767593.png,-1.9700410650736386e-08
1718767594.png,2.905676780981585e-10
1718767595.png,1.7311494047210527e-08
1718767596.png,-1.1772566049033476e-08
1718767597.png,-0.2570964559492168
1718767598.png,0.08864312748941461
1718767599.png,1.0353873307174854e-05
1718767600.png,1.0880404361567487e-09
1718767601.png,-1.2170969933740723e-08
1718767602.png,-1.5797592797910922e-08
1718767603.png,0.0010026456838054256
1718767604.png,1.762587634026832e-07
1718767605.png,-1.78297284740838e-08
1718767606.png,3.6955761579807827e-10
1718767607.png,-0.20661383517607704
1718767608.png,-5.0835959639002604e-05
1718767609.png,-2.1955510169722332e-08
1718767610.png,0.019848152482151826
1718767611.png,-0.00031290437658149523
1718767612.png,-7.627897845030379e-08
1718767613.png,-1.8846198327662188e-08
1718767614.png,-0.17143146489522887
1718767615.png,-0.0004856337244079759
1718767616.png,-0.06368914254091512
1718767617.png,-0.000832971209241457
1718767618.png,-0.004911793451936403
1718767619.png,-0.0025252024863454455
1718767620.png,-3.661777775490348e-07
1718767621.png,1.4617995118505019e-08
1718767622.png,-0.08773622566282385
1718767623.png,-1.22395980155771e-05
1718767624.png,7.823594400053926e-09
1718767625.png,-0.0006094684888809801
1718767626.png,-0.33962186974104347
1718767627.png,-5.212242641739265e-05
1718767628.png,-0.0008583262415707915
1718767629.png,-1.6339637625141855e-07
1718767630.png,3.5883467160137353e-09
1718767631.png,-1.341162718658079e-08
1718767632.png,-1.2319896744027865e-08
1718767633.png,0.0009919862584943794
1718767634.png,0.005834424358143495
1718767635.png,6.788011019073239e-07
1718767636.png,-1.4233337331655629e-08
1718767637.png,0.0012230619553579005
1718767638.png,0.19596697243104477
1718767639.png,2.7162094639482142e-05
1718767640.png,0.0028315469983610612
1718767641.png,4.0837360439223083e-07
1718767642.png,8.820022979487945e-09
1718767643.png,0.008601337887014397
1718767644.png,0.37362970376941806
1718767645.png,0.0002176774051518236
1718767646.png,0.007078802055924663
1718767647.png,-0.0022415035876862483
1718767648.png,-3.292470053919116e-07
1718767649.png,-0.0011640994145614909
1718767650.png,-1.563989321544406e-07
1718767651.png,-0.0015354140817377536
1718767653.png,-0.37642846169793515
1718767654.png,-0.00024218160147085885
1718767655.png,-1.7054597093396192e-08
1718767656.png,-0.007912327292654927
1718767657.png,-0.20325491316884745
1718767658.png,-0.00027795545923546707
1718767659.png,-3.1197418253858195e-08
1718767660.png,-0.0035647144853351255
1718767661.png,-0.001607407207722722
1718767662.png,-0.0072520938458203125
1718767663.png,-0.10314245775433183
1718767664.png,-1.4487511032192692e-05
1718767665.png,2.6640189248419652e-09
1718767666.png,-0.02999936287687013
1718767667.png,-0.10433734322216312
1718767668.png,-2.17283372370452e-05
1718767669.png,-9.56895028309583e-09
1718767670.png,7.098113413016549e-09
1718767671.png,-0.42374837838997725
1718767672.png,-0.003118893156459979
1718767673.png,0.012235852019750231
1718767674.png,-0.00044833519522686723
1718767675.png,-0.0008576050363319587
1718767676.png,-0.15059840828689863
1718767677.png,-7.22973352269196e-05
1718767678.png,-2.932879278928832e-08
1718767679.png,1.1301754878592705e-08
1718767680.png,-5.055144630516246e-09
1718767681.png,-2.302629456881103e-08
1718767682.png,-6.4189465252789875e-09
1718767683.png,1.8814104469063228e-08
1718767684.png,1.018266466654021e-08
1718767685.png,-2.0324591491805346e-08
1718767686.png,2.076381578351149e-08
1718767687.png,3.0017763638850604e-09
1718767688.png,-2.2862330892999045e-08
1718767689.png,-1.367857137637523e-08
1718767690.png,2.1843030310921412e-08
1718767691.png,-1.0534417213489371e-08
1718767692.png,-2.311135784317e-08
1718767693.png,-1.1304653127389301e-08
1718767694.png,2.1573717851905436e-08
1718767695.png,-2.658806396474929e-09
1718767696.png,-1.7727753660942405e-08
1718767697.png,-1.5062174134879093e-08
1718767698.png,1.9574490919408145e-08
1718767699.png,1.531244323981188e-08
1718767700.png,-2.305603599911697e-08
1718767701.png,1.2821618931433426e-09
1718767702.png,2.305834447981138e-08
1718767703.png,2.773892300121456e-09
1718767704.png,-0.17115868882624563
1718767705.png,-0.3739415221961804
1718767706.png,-0.2569291224396552
1718767707.png,-0.0002073026509736516
1718767708.png,-2.20146324162778e-08
1718767709.png,-6.571560482706216e-10
1718767710.png,-0.4204578114844087
1718767711.png,-0.3664052067737693
1718767712.png,-7.315158953940192e-05
1718767713.png,-0.005515454864118356
1718767714.png,0.00012057512796475427
1718767715.png,2.593164984814423e-08
1718767716.png,-0.2036838868275212
1718767717.png,-0.0003802344490323944
1718767718.png,0.035996201302375457
1718767719.png,3.665031327032868e-06
1718767720.png,-7.842298744071004e-09
1718767721.png,0.00012229466171183615
1718767722.png,0.02709176996410078
1718767723.png,-0.00038375887685051504
1718767724.png,-7.179568818722358e-08
1718767725.png,-2.0005411563448323e-08
1718767726.png,-3.846250542115976e-09
1718767727.png,2.0680229177405645e-08
1718767728.png,1.3244559243089998e-08
1718767729.png,-2.110568370789801e-08
1718767730.png,-0.027659998327126907
1718767731.png,-0.15061997018554912
1718767732.png,-1.5643945999468233e-05
1718767733.png,-1.100593350684221e-08
1718767734.png,-0.19454217740391103
1718767735.png,-0.048107388597489975
1718767736.png,-0.0008787985817530676
1718767737.png,-1.5374663241840952e-07
1718767738.png,1.7553924866332502e-09
1718767739.png,-0.001514265979684396
1718767740.png,-0.002239402415998761
1718767741.png,-0.004836507233850785
1718767742.png,0.014751471389497135
1718767743.png,0.2535987836097904
1718767744.png,-0.23278009280581224
1718767745.png,-3.604842415187582e-05
1718767746.png,-4.844208243714064e-09
1718767747.png,-9.664799944394262e-09
1718767748.png,0.026026585147144274
1718767749.png,-0.2626858816546276
1718767750.png,0.015639561405167566
1718767751.png,2.357313140356661e-06
1718767752.png,-1.08286769455741e-08
1718767753.png,-0.0004074537608433564
1718767754.png,-8.655226628168232e-08
1718767755.png,1.4761817698998198e-08
1718767756.png,1.1513359409435752e-09
1718767757.png,-1.4272618375516416e-08
1718767758.png,-0.056806679508868946
1718767759.png,-0.06000930490071489
1718767760.png,0.11014078046300854
1718767761.png,-0.0018142653715792906
1718767762.png,-0.3109875959964049
1718767763.png,-9.496894544841299e-05
1718767764.png,-7.650818230809935e-09
1718767765.png,-0.0017197372542937773
1718767766.png,-0.16445411175455565
1718767767.png,-0.00044517171701124314
1718767768.png,-7.80867883298547e-08
1718767769.png,-0.002076945140967819
1718767770.png,-3.974146388471742e-07
1718767771.png,1.452668181809792e-09
1718767772.png,-1.964149485820023e-09
1718767773.png,-7.743863329138712e-09
1718767774.png,7.825183075659187e-09
1718767775.png,-1.6822869266389102e-09
1718767776.png,-7.842505629137749e-09
1718767777.png,7.476216710957048e-09
1718767778.png,-6.774109656371684e-09
1718767779.png,6.790086730295863e-09
1718767780.png,-3.669838409178006e-09
1718767781.png,1.507434447952184e-09
1718767782.png,-4.191648794317834e-09
1718767783.png,7.264081850625301e-09
1718767784.png,-6.71470971676208e-09
1718767785.png,-2.781931792135967e-09
1718767786.png,-4.503011743065831e-10
1718767787.png,-2.664677983912066e-09
1718767788.png,7.717110398729369e-09
1718767789.png,-7.386622968394363e-09
1718767790.png,7.409348297868588e-09
1718767791.png,7.108622485522137e-09
1718767792.png,-9.157143381952431e-10
1718767794.png,-0.20620798418390823
1718767795.png,-1.8746340549603023e-05
1718767796.png,-8.468377365265023e-09
1718767797.png,-0.013714177897405873
1718767798.png,-0.2748317875499487
1718767799.png,-0.019826905247771275
1718767800.png,-7.154128871120468e-07
1718767801.png,-0.05349402624391053
1718767802.png,-0.3222769820111286
1718767803.png,-6.136968710450077e-05
1718767804.png,-1.1549336198747567e-08
1718767805.png,-0.027602916827383105
1718767806.png,-2.807376757355392e-06
1718767807.png,-7.045083105564e-09
1718767808.png,7.459525425774226e-09
1718767809.png,1.44580223027911e-09
1718767810.png,3.29523980425074e-09
1718767811.png,7.712957667551735e-10
1718767812.png,-6.821533241346957e-09
1718767813.png,1.978700764498736e-09
1718767814.png,0.0008869255972530857
1718767815.png,0.027673441840506553
1718767816.png,0.18180122161480833
1718767817.png,3.150540968899913e-05
1718767818.png,-6.189173187585765e-09
1718767819.png,2.0124696828535692e-09
1718767820.png,-1.0242356927885486e-08
1718767821.png,2.909877517117659e-09
1718767822.png,1.0403990379916229e-08
1718767823.png,3.0326509053726846e-09
1718767824.png,-6.104576895478902e-09
1718767825.png,4.515132357081575e-09
1718767826.png,-1.0502533886579855e-08
1718767827.png,8.052898638252799e-09
1718767828.png,3.971126435876256e-09
1718767829.png,-7.4068980471111606e-09
1718767830.png,1.0377156422522558e-08
1718767831.png,-9.448332111627567e-09
1718767832.png,0.26677391115241633
1718767833.png,0.000225895532586388
1718767834.png,1.6895057209724102e-09
1718767835.png,-3.469382565402697e-10
1718767836.png,-5.848279143760066e-09
1718767837.png,-6.004479837178562e-09
1718767838.png,4.79298959939169e-09
1718767839.png,9.609643872451923e-09
1718767840.png,5.770239957889203e-09
1718767841.png,4.963501246495012e-09
1718767842.png,-1.957412571170762e-09
1718767843.png,-3.1944724177898827e-09
1718767844.png,4.4631413866972355e-09
1718767845.png,-0.00402008499109956
1718767846.png,-0.03437255592240544
1718767847.png,-0.06654745552617686
1718767848.png,-0.10645363820788085
1718767849.png,-2.3604193274784055e-05
1718767850.png,5.32526204842543e-09
1718767851.png,-0.32176900001297126
1718767852.png,-0.09865464401517142
1718767853.png,0.06287588388481388
1718767854.png,-0.023960028393185815
1718767855.png,0.015067482543018193
1718767856.png,4.239391680705371e-06
1718767857.png,2.29938302204247e-09
1718767858.png,-1.7833467532099928e-08
1718767859.png,-0.3358399038610919
1718767860.png,0.04872593250944361
1718767861.png,0.2069517216093658
1718767862.png,-0.03064243198199809
1718767863.png,0.13819023149007434
1718767864.png,1.8409875963605965e-05
1718767865.png,-1.4661049731029529e-08
1718767866.png,0.11989834211663773
1718767867.png,-0.02061105752297797
1718767868.png,-2.7319821240503335e-06
1718767869.png,1.3818534744342726e-09
1718767870.png,1.5803196997878155e-08
1718767871.png,-4.465375941281474e-09
1718767872.png,-1.3364296322114217e-08
1718767873.png,1.1781162448919994e-08
1718767874.png,-1.442700797456895e-08
1718767875.png,7.497833367828751e-09
1718767876.png,1.0594424223153872e-08
1718767877.png,-1.995167734052994e-08
1718767878.png,1.9865668323728013e-08
1718767879.png,-6.833842117170732e-10
1718767880.png,-1.2909643042451786e-08
1718767881.png,1.0057380258446849e-08
1718767882.png,-7.1619977644686065e-09
1718767883.png,-0.16669448411862636
1718767884.png,0.025439950888606816
1718767885.png,3.2095203498130156e-06
1718767886.png,-1.545934687081675e-08
1718767887.png,-0.0513684756648546
1718767888.png,-0.034063263224621394
1718767889.png,-5.878883923302275e-06
1718767890.png,-0.0004766357038558138
1718767891.png,-0.008201936526236544
1718767892.png,-0.021713460783543435
1718767893.png,0.008278608513736296
1718767894.png,6.838369109490947e-07
1718767895.png,-0.05922196804181776
1718767896.png,-1.0946536519187784e-05
1718767897.png,-0.1845372236463375
1718767898.png,-2.4542484045883592e-05
1718767899.png,2.323879240161739e-09
1718767900.png,1.8492520499660803e-08
1718767901.png,-1.5590384224183587e-08
1718767902.png,4.705830218288578e-09
1718767903.png,-1.0981154892219257e-08
1718767904.png,-1.0961574256940489e-08
1718767905.png,6.008323659358786e-09
1718767906.png,-0.054620080264619286
1718767907.png,0.004527186898781689
1718767908.png,3.7217662840040045e-07
1718767909.png,-1.908758197798049e-08
1718767910.png,1.1180844684654074e-08
1718767911.png,6.176692465143045e-09
1718767912.png,-1.3331605714934665e-08
1718767913.png,1.7915055000723048e-08
1718767914.png,-1.681538435501451e-08
1718767915.png,-8.013546194008055e-09
1718767916.png,-0.03792143196521136
1718767917.png,0.0015352008570778655
1718767918.png,2.1147959483077025e-07
1718767919.png,-1.7698521575181787e-08
1718767920.png,-0.010221189259863232
1718767921.png,-0.3453003815439798
1718767922.png,-0.014925883598339684
1718767923.png,-0.00027192486895050416
1718767924.png,-0.0029889676451871072
1718767925.png,-0.03110477443269072
1718767926.png,-0.1478066732488117
1718767927.png,0.48331127122841033
1718767928.png,-0.09690689247457915
1718767929.png,0.14598332274841136
1718767930.png,0.081497121616364
1718767931.png,1.6962299933779356e-05
1718767932.png,-2.0833450684703083e-08
1718767933.png,-1.72473421685026e-08
1718767934.png,0.10740506759886637
1718767935.png,1.3754847982304445e-05
1718767936.png,9.581427385575127e-09
1718767937.png,1.9731068201255573e-08
1718767938.png,0.05936673305681435
1718767939.png,0.2768770742541071
1718767940.png,-0.14975802796223603
1718767941.png,-0.06736494547401448
1718767942.png,-1.203895079830508e-05
1718767943.png,-9.830011967358837e-09
1718767944.png,-0.009793182447846448
1718767945.png,-0.00967266712100368
1718767946.png,-0.254982435638808
1718767947.png,-4.8531782421732195e-05
1718767948.png,-0.038850460244148566
1718767950.png,-4.7094812896469474e-06
1718767951.png,-2.3552939875458145e-09
1718767952.png,-0.3607790602719191
1718767953.png,-0.000268951228537936
1718767954.png,-0.025155319177328554
1718767955.png,0.09607040816165013
1718767956.png,1.2692571970156637e-05
1718767957.png,0.31253318344494285
1718767958.png,-0.023123530484236578
1718767959.png,-2.6005793854909994e-06
1718767960.png,-7.68752048309668e-09
1718767961.png,-7.691392509891499e-09
1718767962.png,-2.43963652649108e-09
1718767963.png,8.120063092081706e-09
1718767964.png,4.393882070465096e-10
1718767965.png,4.308245351030812e-09
1718767966.png,3.945536122612531e-09
1718767967.png,-8.218237662609219e-09
1718767968.png,-8.132057751096147e-09
1718767969.png,-3.9955173976587015e-09
1718767970.png,7.332911350066566e-10
1718767971.png,-5.164359927921111e-09
1718767972.png,-6.838553397980249e-10
1718767973.png,2.9477554657836748e-09
1718767974.png,-6.794667616206052e-09
1718767975.png,-1.203683517820308e-09
1718767976.png,7.28084640015477e-09
1718767977.png,-3.1243083264992e-09
1718767978.png,5.961717191988451e-09
1718767979.png,-0.24704336361604134
1718767980.png,-0.0003267573768037374
1718767981.png,-6.066915079512186e-08
1718767982.png,-9.404730045329071e-09
1718767983.png,-0.21133934917085173
1718767984.png,-0.0007850393229868623
1718767985.png,-0.0007010728045015713
1718767986.png,-0.1445599176890533
1718767987.png,-0.13282394638089642
1718767988.png,-3.0146942974929063e-05
1718767989.png,-3.479670366734319e-09
1718767990.png,-3.514409604933e-09
1718767991.png,2.4213093147162578e-09
1718767992.png,5.660051569648833e-09
1718767993.png,2.7705103865167127e-09
1718767994.png,-5.658736798868887e-09
1718767995.png,-4.276129596007e-09
1718767996.png,-0.2620833426682819
1718767997.png,-0.00044573607546686145
1718767998.png,-0.05328515030720104
1718767999.png,0.03693845727723394
1718768000.png,0.006255582038690739
1718768001.png,-0.0004310505638947691
1718768002.png,-0.08569948597415751
1718768003.png,-5.403775690962999e-05
1718768004.png,-7.312993535296164e-10
1718768005.png,1.994447761820008e-09
1718768006.png,-4.3082240892013903e-10
1718768007.png,-1.9946030529600086e-09
1718768008.png,1.9745047046908374e-09
1718768009.png,-1.3934150951692615e-09
1718768010.png,-1.0565042514880077e-09
1718768011.png,-6.189695821831159e-10
1718768012.png,-1.8060125891944508e-09
1718768013.png,-4.4458230054108783e-10
1718768014.png,7.734470230730682e-10
1718768015.png,1.976446776203755e-09
1718768016.png,2.0780489021245947e-09
1718768017.png,1.93285944034629e-09
1718768018.png,1.1563993958859995e-09
1718768019.png,1.2754075347441656e-09
1718768020.png,-2.213485130040939e-09
1718768021.png,1.2793037809661062e-09
1718768022.png,7.463078400755253e-10
1718768023.png,0.07115209256176636
1718768024.png,1.1065738805840124e-05
1718768025.png,3.140836590960225e-09
1718768026.png,4.5299970277090853e-10
1718768027.png,7.505989252252871e-10
1718768028.png,-4.891300124321769e-09
1718768029.png,-4.937464121539727e-09
1718768030.png,-3.024403520448046e-09
1718768031.png,-0.13884411371691657
1718768032.png,-0.000595595878110968
1718768033.png,-0.30602427972648283
1718768034.png,-0.013689846663909367
1718768035.png,-7.042389432649597e-07
1718768036.png,-0.008737271794960491
1718768037.png,-0.048759912981503326
1718768038.png,-0.04876560359763564
1718768039.png,-0.014561193855320625
1718768040.png,0.06296859666450227
1718768041.png,-0.31458221893318455
1718768042.png,0.00164405661030645
1718768043.png,0.0004356629987866572
1718768044.png,1.1384882355237392e-07
1718768045.png,-1.4614465472200798e-08
1718768046.png,-1.0021106860917824e-08
1718768047.png,1.4683557302237617e-08
1718768048.png,-1.3296617106013085e-08
1718768049.png,1.5561830035642653e-08
1718768050.png,1.8482501151143934e-08
1718768051.png,-7.2255116208423685e-09
1718768052.png,-1.6648589786629516e-08
1718768053.png,1.5862803660025e-08
1718768054.png,-1.2187471207360008e-08
1718768055.png,-0.056914141889023565
1718768056.png,0.28435004066337577
1718768057.png,-0.305048254542867
1718768058.png,0.042971859124830494
1718768059.png,5.629779395840069e-06
1718768060.png,1.0149455456214754e-08
1718768061.png,-0.02128701490205922
1718768062.png,-3.260522457163424e-06
1718768063.png,-2.47812397072438e-08
1718768064.png,-2.1382411353918325e-08
1718768065.png,-2.4478035555457668e-08
1718768066.png,-2.441015641342728e-08
1718768067.png,-2.238349638865696e-08
1718768068.png,-2.442674460511635e-08
1718768069.png,-0.13588807061069968
1718768070.png,0.005849118668015112
1718768071.png,-0.24398882017003864
1718768072.png,-0.00044746001499294406
1718768073.png,-1.2063553959051134e-07
1718768074.png,-0.16517103334517494
1718768075.png,-0.00010526859624481362
1718768076.png,-0.06296916742509452
1718768077.png,0.22678620108383135
1718768078.png,-0.004228270076126341
1718768079.png,-2.8738745891155e-07
1718768080.png,-0.0008537480311396521
1718768081.png,-0.020635878637925938
1718768082.png,-6.304223809624106e-06
1718768083.png,-1.2919644479056839e-08
1718768084.png,-0.179597305518991
1718768085.png,-1.4117756250767274e-05
1718768086.png,-1.7191833503069585e-09
1718768087.png,-0.0010897555591977588
1718768088.png,0.0011456963659102098
1718768089.png,0.014445018575846753
1718768090.png,0.015261341413062363
1718768091.png,0.08623346569297013
1718768092.png,1.263638689920925e-05
1718768093.png,-7.045324424266341e-09
1718768094.png,-9.437566941639773e-09
1718768095.png,-5.2247531423729766e-09
1718768096.png,9.509532904920297e-09
1718768097.png,-1.2448034000055134e-08
1718768098.png,-7.187906164380218e-10
1718768099.png,1.2416913999261603e-08
1718768100.png,8.708051449553844e-10
1718768101.png,-1.3225891489986554e-08
1718768102.png,5.437195571172412e-09
1718768103.png,6.258701711564907e-09
1718768104.png,-0.04328041491621914
1718768105.png,-3.1333627237018794e-06
1718768106.png,4.069254814671792e-09
1718768107.png,-0.09075965255949087
1718768108.png,-0.026472261960873253
1718768109.png,-0.06642502017364998
1718768111.png,-6.608170208927923e-06
1718768112.png,1.0375526825437803e-08
1718768113.png,1.3809633943688811e-11
1718768114.png,-0.012309887559294339
1718768115.png,0.2625250811150253
1718768116.png,3.672884016033505e-05
1718768117.png,3.748577101818168e-10
1718768118.png,-5.667631660617016e-09
1718768119.png,0.0428039271100305
1718768120.png,4.4211921779933986e-05
1718768121.png,0.29197014422483797
1718768122.png,5.4366864968419766e-05
1718768123.png,0.30131901234527214
1718768124.png,0.00011414351022626451
1718768125.png,0.32823109099970915
1718768126.png,-0.025027183462130356
1718768127.png,-0.0032052347928036426
1718768128.png,-0.00549299084991245
1718768129.png,-0.13278687401346517
1718768130.png,-2.1351391243922804e-05
1718768131.png,-0.3170449048227578
1718768132.png,-0.005579338812757656
1718768133.png,-0.34049009323379226
1718768134.png,-0.00019265560123085223
1718768135.png,-0.0010489649750161745
1718768136.png,-0.24007545948265577
1718768137.png,-0.00014762884942907617
1718768138.png,-0.0008903113066664656
1718768139.png,-0.06348790532035724
1718768140.png,-8.590774016988907e-06
1718768141.png,-0.18328927624925803
1718768142.png,-0.11122614771846931
1718768143.png,0.30820505705903445
1718768144.png,7.895452025777781e-05
1718768145.png,7.280451401774638e-10
1718768146.png,-0.05643680725913208
1718768147.png,-0.06721569042569289
1718768148.png,0.015584196668255322
1718768149.png,-0.33537744499752187
1718768150.png,-7.456962791137048e-05
1718768151.png,0.14030363237093751
1718768152.png,0.06392095762883124
1718768153.png,0.02758810963600926
1718768154.png,0.044148148343741284
1718768155.png,0.00028023595078032794
1718768156.png,0.3943515571573011
1718768157.png,0.012666662517276876
1718768158.png,0.11835718340390355
1718768159.png,0.0009605756798365212
1718768160.png,-0.3485273508087098
1718768161.png,-0.11237729240924774
1718768162.png,-0.0003498921682129259
1718768163.png,-0.004910035874692499
1718768164.png,-8.588298090326123e-07
1718768165.png,-4.764670424677541e-10
1718768166.png,-0.009196104884554874
1718768167.png,-0.02663358404776863
1718768168.png,-0.005130545497851375
1718768169.png,-0.0007463917579132889
1718768170.png,-0.3566607076745223
1718768171.png,-0.00024362908430132615
1718768172.png,-3.068516472468621e-08
1718768173.png,5.027685503963288e-09
1718768174.png,5.448008567053207e-09
1718768175.png,-6.022145005713458e-09
1718768176.png,6.753938983349886e-09
1718768177.png,-2.1944781794829594e-09
1718768178.png,-6.82288891134694e-09
1718768179.png,1.5823425670452573e-09
1718768180.png,3.4821249138763447e-10
1718768181.png,-5.122443163688829e-09
1718768182.png,5.016475340807213e-09
1718768183.png,1.783966609620604e-09
1718768184.png,-6.714276638594469e-09
1718768185.png,-0.00996363889006521
1718768186.png,-7.147543960365141e-07
1718768187.png,-8.169010429085088e-09
1718768188.png,-0.007936124660379767
1718768189.png,-0.2546004147417276
1718768190.png,-0.00010946479638892278
1718768191.png,-8.425363335762541e-09
1718768192.png,-0.0022244640665612125
1718768193.png,-0.004824615785995055
1718768194.png,-0.0005152607327165337
1718768195.png,-0.1226270869947508
1718768196.png,-1.2809427351675898e-05
1718768197.png,-2.6587583602303472e-09
1718768198.png,3.985644515466492e-09
1718768199.png,-8.380236131545919e-10
1718768200.png,0.11001321524502439
1718768201.png,0.00018182702142339726
1718768202.png,2.0967277049168798e-08
1718768203.png,-1.334775227478807e-10
1718768204.png,3.2516855179934603e-09
1718768205.png,-0.01207493272984316
1718768206.png,0.001725952572508801
1718768207.png,1.7665340336190922e-07
1718768208.png,-3.4906441683812233e-09
1718768209.png,-2.62941478901832e-10
1718768210.png,-0.15046515684123196
1718768211.png,-0.31222564269920317
1718768212.png,-0.00010019834550491505
1718768213.png,-0.0037095657356322185
1718768214.png,-4.7228854103310687e-07
1718768215.png,-0.02775839661825616
1718768216.png,-0.3481417475673544
1718768217.png,-0.25804515080716484
1718768218.png,-5.283383351445723e-05
1718768219.png,-0.0881118196809976
1718768220.png,-0.14075924519318128
1718768221.png,0.22665483630534822
1718768222.png,0.14378036731389093
1718768223.png,0.21404231249940392
1718768224.png,0.3330226956151885
1718768225.png,0.41541372822804445
1718768226.png,0.34864104217603764
1718768227.png,7.028930285663516e-05
1718768228.png,1.8413130577524642e-08
1718768229.png,-0.015810776026175654
1718768230.png,-1.044090370763991e-06
1718768231.png,-0.08156023493218012
1718768232.png,-0.23206782319620423
1718768233.png,-0.05403166170252857
1718768234.png,-0.052249695030801444
1718768235.png,-2.67423896605821e-06
1718768236.png,-0.3671664711773707
1718768237.png,-0.00027009836356079115
1718768238.png,-0.005692633543996647
1718768239.png,-0.18185770486112787
1718768240.png,-6.224465371287677e-05
1718768241.png,-0.059468823782476185
1718768242.png,-8.082207588872146e-06
1718768243.png,-1.175258954823521e-08
1718768244.png,-7.151502422129461e-09
1718768245.png,-4.601578757710684e-09
1718768246.png,2.1018386142535482e-08
1718768247.png,-2.147861886142296e-08
1718768248.png,1.43025743040101e-08
1718768249.png,1.2347261715210432e-08
1718768251.png,-9.05074452711128e-09
1718768252.png,1.9350740403020932e-10
1718768253.png,1.1982490783305085e-08
1718768254.png,-2.00238965343206e-08
1718768255.png,2.0291673491250945e-08
1718768256.png,8.20209935523426e-09
1718768257.png,6.32502216443383e-09
1718768258.png,5.476816166692019e-10
1718768259.png,-2.1461405526847965e-08
1718768260.png,-2.1505190800626706e-08
1718768261.png,-3.5898076765810752e-09
1718768262.png,-1.8799721341569983e-08
1718768263.png,-1.769512310178342e-08
1718768264.png,-1.68651679127384e-08
1718768265.png,-2.0394211389559335e-08
1718768266.png,-1.924416754827799e-08
1718768267.png,-2.1409028849928303e-08
1718768268.png,-1.870744364302431e-08
1718768269.png,-0.16917099343998787
1718768270.png,-0.0002363122796504692
1718768271.png,-0.2104450225114277
1718768272.png,-0.19953885224030987
1718768273.png,-4.7545619936308336e-05
1718768274.png,-0.04117260892724635
1718768275.png,-0.23474589651892877
1718768276.png,-1.960735276964193e-05
1718768277.png,-0.004071164145180691
1718768278.png,-5.162884451722375e-07
1718768279.png,-0.0012952951015062146
1718768280.png,-2.5102857859065314e-07
1718768281.png,-0.2930024369210868
1718768282.png,-0.013184410215219898
1718768283.png,0.0007900801129775109
1718768284.png,0.22411817762700204
1718768285.png,-0.010018721806573134
1718768286.png,-5.268067464104781e-07
1718768287.png,-1.4743302570623014e-08
1718768288.png,0.04617522440607942
1718768289.png,6.673307702124182e-06
1718768290.png,-1.4906223096574147e-08
1718768291.png,1.678644556672918e-08
1718768292.png,-5.0930445669511855e-09
1718768293.png,-1.688039745708946e-08
1718768294.png,-0.2899591462213872
1718768295.png,-4.315533928706116e-05
1718768296.png,-0.014062531369452794
1718768297.png,0.20521325761533632
1718768298.png,-0.004752118597900203
1718768299.png,-4.215540011355034e-07
1718768300.png,1.7670854987075022e-08
1718768301.png,1.8396765657002638e-08
1718768302.png,-0.008866207667305748
1718768303.png,-1.4426087576172224e-06
1718768304.png,-4.6648192296288065e-09
1718768305.png,2.3447432291982015e-09
1718768306.png,-1.2022841931185783e-08
1718768307.png,1.0385872928349444e-08
1718768308.png,1.2467421528132554e-08
1718768309.png,0.0832641774058778
1718768310.png,-0.0013850620448963222
1718768311.png,-3.277404829921346e-07
1718768312.png,-1.632872787109083e-08
1718768313.png,1.3619039123655395e-08
1718768314.png,-0.003819193058076995
1718768315.png,-0.0009633781377895497
1718768316.png,-0.0013965457197316873
1718768317.png,-4.303230838178868e-07
1718768318.png,-0.3196849902032551
1718768319.png,-0.00013421987948364952
1718768320.png,-0.009238179039175093
1718768321.png,-4.980317377106686e-07
1718768322.png,1.654710258055193e-08
1718768323.png,1.285035674006209e-08
1718768324.png,-7.868471825693344e-09
1718768325.png,-1.657352407704341e-08
1718768326.png,-1.4312321586424285e-08
1718768327.png,-1.913499564001725e-08
1718768328.png,9.701089020038623e-09
1718768329.png,7.121132034617976e-09
1718768330.png,1.8005372979231504e-08
1718768331.png,1.6596993195592084e-08
1718768332.png,-1.1642216069055058e-08
1718768333.png,-1.3965209987791344e-08
1718768334.png,1.1026972359102306e-08
1718768335.png,1.5667685504147102e-08
1718768336.png,1.9193066085452555e-08
1718768337.png,7.846783582580378e-09
1718768338.png,-1.8422575630877603e-08
1718768339.png,-3.608961361579155e-09
1718768340.png,-1.5380653337751273e-08
1718768341.png,-1.4490150673221e-08
1718768342.png,1.8831518086114046e-08
1718768343.png,1.4764343768066249e-08
1718768344.png,-8.700679258486338e-11
1718768345.png,-1.4874364581463688e-09
1718768346.png,-7.84141431946871e-09
1718768347.png,-1.8608032794037312e-08
1718768348.png,2.1556006391894464e-09
1718768349.png,1.6772764752801966e-08
1718768350.png,1.6794707505212783e-08
1718768351.png,1.7419745110961562e-08
1718768352.png,1.0450857796708473e-08
1718768353.png,-1.8920587464809805e-08
1718768354.png,-1.1071498194365673e-08
1718768355.png,-1.3930544632030211e-08
1718768356.png,1.361871864937415e-09
1718768357.png,1.712202292385853e-08
1718768358.png,-0.2347791474990628
1718768359.png,-5.1072917257434716e-05
1718768360.png,-0.05178476888127697
1718768361.png,-0.10400879799730026
1718768362.png,-0.19247652057637188
1718768363.png,-3.865030980133218e-05
1718768364.png,-0.007410595093109047
1718768365.png,-3.813012473974161e-07
1718768366.png,-0.2554769055301968
1718768367.png,0.21646739441469554
1718768368.png,-0.19608008619529493
1718768369.png,0.011326905787178466
1718768370.png,5.313794674104177e-07
1718768371.png,-7.913167474940079e-10
1718768372.png,0.00016646070622683542
1718768373.png,5.3183068212820564e-08
1718768374.png,-2.294856421462646e-09
1718768375.png,-1.956134258000099e-09
1718768376.png,-2.3203330618977008e-09
1718768377.png,1.3769865744272535e-09
1718768378.png,0.1708863383125963
1718768379.png,-0.010821144512805681
1718768380.png,-0.091604140729342
1718768381.png,0.0012430208356805986
1718768382.png,2.771993927054184e-07
1718768383.png,9.442906620783052e-10
1718768384.png,-3.830431560874543e-12
1718768385.png,1.7086149076658238e-10
1718768386.png,3.355973373557837e-10
1718768387.png,-6.624475164536331e-10
1718768388.png,1.0436371665224152e-11
1718768389.png,-0.12416923007632225
1718768390.png,0.0010474731135263083
1718768391.png,3.1447515083216787e-07
1718768392.png,9.98740323462511e-10
1718768393.png,7.131054575689698e-10
1718768394.png,-1.5804242077710354e-10
1718768395.png,7.695651435464452e-10
1718768396.png,0.2475167530048954
1718768397.png,-0.002810480637855154
1718768399.png,-3.9846933629818447e-07
1718768400.png,-0.0013618842244332646
1718768401.png,0.07812409821112613
1718768402.png,-0.004532303117367758
1718768403.png,-4.4577843429216723e-07
1718768404.png,-0.24873029100169175
1718768405.png,-2.728151350392514e-05
1718768406.png,-1.2770867898659972e-08
1718768407.png,-0.018186419563921565
1718768408.png,-0.32044287479105205
1718768409.png,0.09008768563147179
1718768410.png,-0.0029625734478857507
1718768411.png,-2.576613079248752e-07
1718768412.png,-0.25069774406327067
1718768413.png,0.004371550153926987
1718768414.png,0.0014028875745587428
1718768415.png,0.010362459203264649
1718768416.png,-0.30992548280296517
1718768417.png,0.0008174688886153888
1718768418.png,0.04719570251987108
1718768419.png,-0.0007351357330881868
1718768420.png,-1.7790226703874897e-07
1718768421.png,-6.011494725874101e-09
1718768422.png,4.11408241731459e-09
1718768423.png,1.1640703371148396e-08
1718768424.png,-9.140739873238792e-09
1718768425.png,-1.1957284339863053e-08
1718768426.png,0.11193049683070841
1718768427.png,1.681201059224184e-05
1718768428.png,9.890753661681594e-09
1718768429.png,-5.165108713433539e-09
1718768430.png,-5.5845538208005485e-09
1718768431.png,-0.0010571525600335582
1718768432.png,-0.010250261341683019
1718768433.png,-0.004825574691819934
1718768434.png,-3.7920503673401187e-07
1718768435.png,-0.07812455166464227
1718768436.png,0.15248552103222435
1718768437.png,2.11099298120405e-05
1718768438.png,-0.0052220799166791225
1718768439.png,-2.9682036016785246e-07
1718768440.png,1.3675900941179684e-08
1718768441.png,5.637299519341561e-09
1718768442.png,0.2637349714934668
1718768443.png,4.299552225851186e-05
1718768444.png,0.011236338492150725
1718768445.png,0.028668517988203156
1718768446.png,0.08423665789951137
1718768447.png,0.30836086856845674
1718768448.png,-0.23662576310392808
1718768449.png,-0.042736824121753836
1718768450.png,0.04182550933651274
1718768451.png,-0.040297073875944944
1718768452.png,-1.0331215046196545e-05
1718768453.png,-0.02212087251510776
1718768454.png,-0.017971185883093987
1718768455.png,-0.033417581023881274
1718768456.png,-1.9987593474740787e-06
1718768457.png,-0.27370000938198746
1718768458.png,-0.06263128688874287
1718768459.png,-0.001028998424166953
1718768460.png,-1.287513135093302e-07
1718768461.png,-0.3244935709102856
1718768462.png,-0.06598847736116524
1718768463.png,-1.806887803185201e-05
1718768464.png,-0.04146256627600968
1718768465.png,0.004748533794766232
1718768466.png,-0.0026816768236916683
1718768467.png,-2.387986583959527e-07
1718768468.png,5.3911331977526044e-09
1718768469.png,-1.4706506308938203e-08
1718768470.png,0.008346794921619993
1718768471.png,2.890148415781183e-07
1718768472.png,-1.575474680239323e-08
1718768473.png,1.042184543929583e-08
1718768474.png,1.57049211511255e-08
1718768475.png,1.3317313773956301e-08
1718768476.png,1.1731218518770183e-09
1718768477.png,-1.447215277534407e-08
1718768478.png,-9.953848765164025e-09
1718768479.png,-0.007245103400980236
1718768480.png,-2.800651293039459e-07
1718768481.png,-0.330290449929717
1718768482.png,-0.19759393217790555
1718768483.png,-0.0007227583274682502
1718768484.png,-1.747027691854929e-07
1718768485.png,-0.04284350156051199
1718768486.png,-0.08152474785052849
1718768487.png,0.16131243699844655
1718768488.png,-0.009439868469252242
1718768489.png,-7.052742089130213e-07
1718768490.png,2.371815225372996e-05
1718768491.png,-0.1642103434096746
1718768492.png,0.31714734680665446
1718768493.png,-0.013558221445305715
1718768494.png,0.04273328730085628
1718768495.png,-0.0627448013118242
1718768496.png,-0.17141946227838542
1718768497.png,-0.0858563315404364
1718768498.png,-1.2595551719640111e-05
1718768499.png,-0.17166916656456815
1718768500.png,-0.04648383571169099
1718768501.png,-0.013097202444384752
1718768502.png,-0.09774575280400435
1718768503.png,0.11430567775531203
1718768504.png,-0.0033961536402502723
1718768505.png,-3.009105130181975e-07
1718768506.png,1.0872737126032196e-08
1718768507.png,-7.934279523136763e-10
1718768508.png,-1.2665666136015858e-08
1718768509.png,-1.3181718645335822e-08
1718768510.png,1.1694304411480681e-08
1718768511.png,-1.2230611452088341e-08
1718768512.png,-9.373492385848547e-09
1718768513.png,-3.0449822938673866e-09
1718768514.png,-9.869548987437231e-09
1718768515.png,1.166745544085376e-08
1718768516.png,-2.64763231259743e-09
1718768517.png,1.1324380831533414e-08
1718768518.png,9.622830452671875e-10
1718768519.png,-1.023582380129455e-08
1718768520.png,-5.6792662389697455e-09
1718768521.png,-0.06295978935817073
1718768522.png,-0.25261148944645306
1718768523.png,0.0038175581415322507
1718768524.png,-0.01940912229592218
1718768525.png,-0.23402026517282914
1718768526.png,-0.25914403937769775
1718768527.png,-7.068109308099634e-05
1718768528.png,-6.487124805220963e-09
1718768529.png,-0.059891397421063336
1718768530.png,-0.0004487296983896901
1718768531.png,-3.414269169512204e-08
1718768532.png,1.1570693109212633e-08
1718768533.png,0.27823335211471545
1718768534.png,0.2781674907158841
1718768535.png,-0.026733887398047995
1718768536.png,0.001067336806197334
1718768537.png,0.216793900292272
1718768538.png,-0.35481470790438213
1718768539.png,0.030300429751461418
1718768540.png,1.3883870392747337e-06
1718768541.png,-3.848189804607919e-09
1718768542.png,-9.45985603161806e-09
1718768544.png,8.206936280818654e-09
1718768545.png,-7.144453360916427e-09
1718768546.png,-1.8045480151093626e-08
1718768547.png,1.7423346554664194e-08
1718768548.png,-0.18874374581493789
1718768549.png,0.02254438109274547
1718768550.png,2.2935655076761367e-06
1718768551.png,-0.041441448696484515
1718768552.png,0.00784680216962465
1718768553.png,8.576921668121004e-07
1718768554.png,7.604343948066898e-09
1718768555.png,-0.410039755416702
1718768556.png,0.11082132895665184
1718768557.png,1.0326126554005759e-05
1718768558.png,0.006460683833987591
1718768559.png,-0.0008433267306334077
1718768560.png,0.26589388819250936
1718768561.png,-0.03128433781119035
1718768562.png,-0.31728426340878924
1718768563.png,-0.00033314260457397154
1718768564.png,-0.006430035288645861
1718768565.png,-4.3213823566824966e-07
1718768566.png,-0.035679886376199066
1718768567.png,-0.11816056591719427
1718768568.png,-0.3512277634786951
1718768569.png,-0.00011824063895939864
1718768570.png,0.0782229431618785
1718768571.png,-0.21884628099538417
1718768572.png,-2.5086129819406273e-05
1718768573.png,0.24648455424524976
1718768574.png,-0.0761794818845118
1718768575.png,-0.02405931512418726
1718768576.png,0.1158791830267682
1718768577.png,1.1043327242917611e-05
1718768578.png,-1.1026027189959898e-08
1718768579.png,-8.351213925918236e-09
1718768580.png,1.0173347856510276e-08
1718768581.png,0.3227370625794945
1718768582.png,6.875842578630881e-05
1718768583.png,-1.955399278887719e-08
1718768584.png,1.17339453000218e-09
1718768585.png,2.2719280419406633e-08
1718768586.png,9.060333855213214e-09
1718768587.png,1.7414110747648376e-08
1718768588.png,-1.727823093926752e-08
1718768589.png,1.63597402435926e-08
1718768590.png,-2.638372249405206e-08
1718768591.png,-1.514784555208606e-08
1718768592.png,2.6982578870784547e-08
1718768593.png,-6.308458652766258e-09
1718768594.png,-2.516329263661829e-08
1718768595.png,2.356742635194825e-08
1718768596.png,-0.28727315334280257
1718768597.png,0.012279865095758492
1718768598.png,0.01608082290217179
1718768599.png,0.024082673836667946
1718768600.png,2.3988430517758777e-06
1718768601.png,7.844295240963945e-09
1718768602.png,2.147408647231504e-08
1718768603.png,-2.8299328433053065e-08
1718768604.png,2.8122082828559766e-08
1718768605.png,-2.100300770026926e-08
1718768606.png,-2.4384355695071775e-08
1718768607.png,3.624074174988494e-09
1718768608.png,-6.8706948407935545e-09
1718768609.png,1.6156188280908653e-08
1718768610.png,2.8227724500768933e-08
1718768611.png,-0.3132701522000403
1718768612.png,-9.144745498436475e-05
1718768613.png,-0.03899346477783276
1718768614.png,-0.026512829527904028
1718768615.png,-0.0005985219652370642
1718768616.png,-0.0014571652866230758
1718768617.png,-2.7774081239317806e-07
1718768618.png,-0.0013829538336993259
1718768619.png,-0.005400949027638027
1718768620.png,-0.04120027650961964
1718768621.png,-6.917232657562515e-05
1718768622.png,-0.0003927433572642553
1718768623.png,0.08469718696244273
1718768624.png,0.31993727433477415
1718768625.png,-0.02436771314025342
1718768626.png,-0.0019964054683407856
1718768627.png,0.30968460784013446
1718768628.png,-0.01957424977048959
1718768629.png,-0.1642247870911086
1718768630.png,-0.0002596978325737745
1718768631.png,1.3004565633452041e-08
1718768632.png,-1.647448723405242e-08
1718768633.png,1.0129302078609033e-08
1718768634.png,-1.2149965824810606e-08
1718768635.png,0.014528036115453734
1718768636.png,0.34461821793646474
1718768637.png,0.3308459083975004
1718768638.png,-0.26928347119927015
1718768639.png,-0.32091436448942556
1718768640.png,-0.00019304029171789914
1718768641.png,-9.87851234548868e-09
1718768642.png,1.5508206584895826e-08
1718768643.png,5.381107413626786e-09
1718768644.png,4.489321456782006e-09
1718768645.png,-2.443899739115599e-08
1718768646.png,-2.3055772899040438e-08
1718768647.png,2.5243304181264363e-08
1718768648.png,-1.6405482755836584e-08
1718768649.png,-1.120936230215679e-08
1718768650.png,2.4083101949189078e-08
1718768651.png,2.309330670579635e-08
1718768652.png,-0.0015518259150243772
1718768653.png,-0.00884807080079465
1718768654.png,-1.2055648331001262e-06
1718768655.png,-1.9932003022619598e-08
1718768656.png,7.267572583571255e-09
1718768657.png,-0.07075627025207853
1718768658.png,-0.03910272986792795
1718768659.png,-0.2781706923895294
1718768660.png,-7.786181631830075e-05
1718768661.png,0.025007393892579187
1718768662.png,-0.03342880691573488
1718768663.png,-0.31935679514707305
1718768664.png,-0.00023287378408614907
1718768665.png,-0.004330935026552794
1718768666.png,-3.817546333739234e-07
1718768667.png,2.63932870800178e-09
1718768668.png,-0.07713720628407451
1718768669.png,-0.14426480034344824
1718768670.png,0.002444405796923655
1718768671.png,0.0003228669106160912
1718768672.png,2.510585439191141e-08
1718768673.png,-4.958305234724455e-09
1718768674.png,4.696856922610613e-09
1718768675.png,4.785872268751126e-09
1718768676.png,6.878036396533275e-10
1718768677.png,-2.4278442727745366e-10
1718768678.png,8.318562320766489e-10
1718768679.png,-0.01373259903581466
1718768680.png,0.06136327400894966
1718768681.png,0.01539638472108331
1718768682.png,0.21953572174865482
1718768683.png,3.3766974983779274e-05
1718768684.png,-1.0680733686418612e-10
1718768685.png,-0.0011415658534962244
1718768686.png,-1.41267037672537e-07
1718768687.png,1.406875218962682e-08
1718768688.png,-0.3803714143044067
1718768689.png,-0.0001531021197240065
1718768690.png,-0.002061292659349243
1718768691.png,-0.13904679000570314
1718768692.png,-2.2585856047222273e-05
1718768693.png,-1.2301243362165408e-08
1718768694.png,2.8027964386389266e-09
1718768695.png,3.1820305889608394e-09
1718768697.png,-3.884669998497395e-09
1718768698.png,0.2204820213880206
1718768699.png,6.912768451217426e-05
1718768700.png,0.10989282825371711
1718768701.png,0.3291740417490088
1718768702.png,-0.29055376197512506
1718768703.png,0.031877555401991865
1718768704.png,6.878856358025969e-06
1718768705.png,0.001976720506127998
1718768706.png,0.001407612954184604
1718768707.png,-0.029336833243742963
1718768708.png,-0.315481122658433
1718768709.png,-0.3508207398121308
1718768710.png,-0.34938219442393437
1718768711.png,0.3045852878035642
1718768712.png,-0.32552878782569056
1718768713.png,-0.3405048569390151
1718768714.png,-0.0002392419074919219
1718768715.png,4.628355260296107e-09
1718768716.png,-0.20896765625830538
1718768717.png,-0.17995458383893553
1718768718.png,-0.29613744627704985
1718768719.png,-0.00030166232142766146
1718768720.png,-0.007745234536954602
1718768721.png,-4.962343338998254e-07
1718768722.png,-0.2906184330777267
1718768723.png,0.10985082290205561
1718768724.png,-0.33283036627595725
1718768725.png,-4.9220165983730585e-05
1718768726.png,0.004765970046063865
1718768727.png,0.15201361219049409
1718768728.png,-0.015594947995363527
1718768729.png,-0.02408278505584054
1718768730.png,-4.753683940363972e-06
1718768731.png,-1.208734597795015e-08
1718768732.png,0.32109555025753256
1718768733.png,-0.10208636448784851
1718768734.png,-0.00049369231497665
1718768735.png,-4.451184820801422e-08
1718768736.png,-0.0437836955250122
1718768737.png,-0.28156156858475906
1718768738.png,-0.00021948976747104644
1718768739.png,-2.2583111916742214e-09
1718768740.png,-0.06369866559440493
1718768741.png,-5.9211858576822715e-06
1718768742.png,-0.018220736405645997
1718768743.png,-0.0014984882863908248
1718768744.png,-0.04011391462095691
1718768745.png,-0.0030054321244849126
1718768746.png,-3.460024083092917e-07
1718768747.png,3.9935203092126415e-10
1718768748.png,-1.206632911005581e-08
1718768749.png,1.7069760640535827e-08
1718768750.png,-5.191474321643023e-05
1718768751.png,-8.750992691139729e-05
1718768752.png,2.094655684612076e-08
1718768753.png,2.2487566819418505e-08
1718768754.png,-0.007342499709807454
1718768755.png,-6.138034172280418e-07
1718768756.png,-0.0037365959195198232
1718768757.png,0.3823887610293142
1718768758.png,-0.003923497329131546
1718768759.png,-0.0820171230422211
1718768760.png,-0.24686119829294811
1718768761.png,-0.0005449545249002785
1718768762.png,0.08434295612643451
1718768763.png,-0.1360129494026693
1718768764.png,-1.945405177857521e-05
1718768765.png,-2.2270875179501897e-08
1718768766.png,-4.674553708428817e-09
1718768767.png,-5.514402299954518e-09
1718768768.png,-1.2108642141060994e-08
1718768769.png,-5.911703194819419e-09
1718768770.png,-1.3028065466694058e-08
1718768771.png,-1.3132443630273755e-08
1718768772.png,-1.3442856842050491e-08
1718768773.png,-1.182421014405109e-08
1718768774.png,-5.330132215806536e-09
1718768775.png,9.731808768389395e-09
1718768776.png,-1.3793666668289306e-08
1718768777.png,-1.2000338834844047e-08
1718768778.png,5.654638099715647e-09
1718768779.png,-9.060347194359431e-05
1718768780.png,3.1204496583105794e-05
1718768781.png,1.6570622269130586e-08
1718768782.png,-0.03296840387741733
1718768783.png,-0.01867459597698784
1718768784.png,-0.013030177957216511
1718768785.png,-0.14862102349004475
1718768786.png,-0.33829854899212797
1718768787.png,-5.561655995314919e-05
1718768788.png,-6.875059676298014e-09
1718768789.png,-0.0024382116784208495
1718768790.png,-0.25515363107747224
1718768791.png,-2.1607579808116993e-05
1718768792.png,-1.0777362613929964e-08
1718768793.png,1.1078293926804517e-09
1718768794.png,1.9297083995895574e-09
1718768795.png,-0.16574839551727366
1718768796.png,0.044931357738691294
1718768797.png,0.135203683905829
1718768798.png,-0.02616522793708203
1718768799.png,-0.0007718854880266837
1718768800.png,-1.105358158094052e-07
1718768801.png,-0.15781933017011818
1718768802.png,0.43005250613872237
1718768803.png,0.00023222645729303458
1718768804.png,1.8647514138533913e-08
1718768805.png,-0.0964047099774462
1718768806.png,0.0019602026351337454
1718768807.png,0.07365323450258646
1718768808.png,9.467321657770803e-06
1718768809.png,0.319677863313756
1718768810.png,5.9227072981721e-05
1718768811.png,-1.4721149183792254e-09
1718768812.png,-9.131085707892891e-09
1718768813.png,-0.13924097019052342
1718768814.png,0.13885458659156735
1718768815.png,-0.20096525022419215
1718768816.png,-0.00019674629692615503
1718768817.png,0.01798489317943601
1718768818.png,2.010246876979667e-06
1718768819.png,-0.16906398331710906
1718768820.png,-0.00030435037736399834
1718768821.png,-1.11942904523973e-08
1718768822.png,-2.1979647496815905e-09
1718768823.png,-0.2537474981125989
1718768824.png,-0.0002983824880630996
1718768825.png,-0.13902468356046854
1718768826.png,-0.00024542218992326485
1718768827.png,-0.1006076673772193
1718768828.png,-0.2553648386245915
1718768829.png,-0.0002447503528029236
1718768830.png,-0.0019201865932527125
1718768831.png,-2.195823835726849e-07
1718768832.png,-0.3446141226216193
1718768833.png,-0.00014169887677266648
1718768834.png,-2.2518310740153433e-08
1718768835.png,-0.33961103159074035
1718768836.png,0.012999292275599433
1718768837.png,3.034613510705851e-06
1718768838.png,-1.2736761216227974e-08
1718768839.png,-0.0011297130850983126
1718768840.png,0.24984171075353995
1718768841.png,-0.07454944765174622
1718768842.png,-9.67216327723057e-06
1718768844.png,3.590985323108097e-10
1718768845.png,-1.107544097116059e-08
1718768846.png,0.007248764903843088
1718768847.png,3.656269968129455e-07
1718768848.png,-4.2830925072641586e-10
1718768849.png,5.173663450359278e-09
1718768850.png,3.0953984583033922e-09
1718768851.png,9.93254161369905e-09
1718768852.png,8.443162529067695e-09
1718768853.png,6.691788767804321e-09
1718768854.png,9.062545217668512e-09
1718768855.png,2.6323189738196004e-12
1718768856.png,1.2520732667529028e-08
1718768857.png,1.6010522769591329e-09
1718768858.png,6.177551102013515e-09
1718768859.png,1.2545748694841122e-08
1718768860.png,1.180934915811914e-08
1718768861.png,2.5099182772446644e-09
1718768862.png,-1.2201519983423656e-08
1718768863.png,-1.0036933954600011e-08
1718768864.png,-8.53769864689592e-09
1718768865.png,-6.776587011532267e-09
1718768866.png,-1.2644073551281273e-08
1718768867.png,-2.6012692047954086e-09
1718768868.png,-7.067137544079001e-09
1718768869.png,-1.1755039318194674e-08
1718768870.png,-6.33575619338948e-09
1718768871.png,1.1699792011121561e-08
1718768872.png,1.1079033011438482e-08
1718768873.png,7.416582257560642e-09
1718768874.png,5.518799203536389e-09
1718768875.png,8.382057811789412e-10
1718768876.png,8.42988988011072e-09
1718768877.png,1.169644924722855e-08
1718768878.png,1.0691562850075172e-08
1718768879.png,7.380807369659333e-09
1718768880.png,3.476358494125907e-10
1718768881.png,-0.0012578180847789215
1718768882.png,-0.13730197545836595
1718768883.png,-2.0834859486106795e-05
1718768884.png,-0.004205309412152089
1718768885.png,-0.2506593969727428
1718768886.png,0.042266550150553084
1718768887.png,-0.027033386552855462
1718768888.png,-0.21099326912331975
1718768889.png,-0.22122902307836412
1718768890.png,-4.0351851527990285e-05
1718768891.png,-0.04330982980998412
1718768892.png,0.24565981047012928
1718768893.png,-0.0067763883275462535
1718768894.png,-1.622193599485654e-06
1718768895.png,-1.510340924933438e-08
1718768896.png,8.66786322392003e-09
1718768897.png,9.28076285997189e-09
1718768898.png,1.8331392251039707e-09
1718768899.png,-1.7253359056794917e-09
1718768900.png,3.1911953046506704e-09
1718768901.png,1.912016964799211e-08
1718768902.png,2.003117337317304e-08
1718768903.png,0.11428728488469306
1718768904.png,-0.00310809885976458
1718768905.png,-3.1496665561033235e-07
1718768906.png,2.0054943326398013e-08
1718768907.png,1.5563757444699945e-08
1718768908.png,2.0761022031692793e-08
1718768909.png,1.7399999661118645e-08
1718768910.png,1.6995548607334803e-08
1718768911.png,5.821080125194602e-09
1718768912.png,-1.7836551750801166e-08
1718768913.png,-1.5602755199877338e-08
1718768914.png,-6.355115395823737e-10
1718768915.png,-1.344034684427443e-09
1718768916.png,-1.918178470669681e-08
1718768917.png,-2.0713270172921665e-08
1718768918.png,-3.457691813717733e-09
1718768919.png,4.596969101246422e-09
1718768920.png,-4.825017384599281e-10
1718768921.png,-1.8810855255981376e-08
1718768922.png,-1.7209899141731678e-08
1718768923.png,-1.9069872999188556e-08
1718768924.png,-2.103605988726821e-08
1718768925.png,-1.8052146518429277e-08
1718768926.png,-1.5421832627975474e-08
1718768927.png,1.0552906189856432e-09
1718768928.png,-2.6378619902324156e-09
1718768929.png,-0.20672197895584316
1718768930.png,-5.064483812728415e-05
1718768931.png,-0.34445669245537325
1718768932.png,-6.804528449656952e-05
1718768933.png,-7.8601104746062e-09
1718768934.png,-3.553601041500884e-09
1718768935.png,-0.0031582014641430038
1718768936.png,-2.5275883355999746e-07
1718768937.png,-0.02452340208859239
1718768938.png,-3.85838254961973e-06
1718768939.png,-4.335433684128316e-09
1718768940.png,-0.04109016184127702
1718768941.png,0.07366444297096877
1718768942.png,-0.0032873732736994456
1718768943.png,-7.436024619054059e-07
1718768944.png,-0.010033385397736017
1718768945.png,-0.20774324882237877
1718768946.png,-1.6087145726738856e-05
1718768947.png,-0.26471924976725864
1718768948.png,-7.902317828430399e-05
1718768949.png,-0.009299961009756358
1718768950.png,-8.585087053817468e-07
1718768951.png,0.23737740971711518
1718768952.png,-0.007136897349728442
1718768953.png,-0.04410977640751694
1718768954.png,-0.09954281615775935
1718768955.png,0.11386830745045529
1718768956.png,7.986718821562021e-06
1718768957.png,4.5375935602456205e-09
1718768958.png,0.17392581698899162
1718768959.png,-0.27709574360212785
1718768960.png,0.002149380875495188
1718768961.png,0.00784821501344395
1718768962.png,-0.00036652238005373727
1718768963.png,-8.96478498449874e-08
1718768964.png,-0.3441346513629492
1718768965.png,0.008630346467411376
1718768966.png,4.3193445806630246e-07
1718768967.png,1.958941134009916e-08
1718768968.png,1.8603057191501543e-08
1718768969.png,1.1672395341931614e-08
1718768970.png,-0.006322076526341
1718768971.png,-0.26130804155768267
1718768972.png,-3.2001979840143634e-05
1718768973.png,1.5096204105593447e-08
1718768974.png,-0.010659913264401976
1718768975.png,-0.25562403798669486
1718768976.png,-0.46868232753504613
1718768977.png,0.03270883795649254
1718768978.png,4.200338383279118e-06
1718768979.png,-3.8230302031519356e-09
1718768980.png,-0.3894861719026282
1718768982.png,-0.26642955535478313
1718768983.png,-0.12144259377611569
1718768984.png,-1.4736536596498229e-05
1718768985.png,4.749537676624438e-10
1718768986.png,-0.2555733442250292
1718768987.png,-0.23106869180893702
1718768988.png,-0.13202843674825915
1718768989.png,-0.37950674694692155
1718768990.png,-0.0001173009066023522
1718768991.png,-1.4417762343603919e-08
1718768992.png,2.2720742147958815e-09
1718768993.png,2.6536902684156872e-09
1718768994.png,5.73008833793791e-09
1718768995.png,5.988322069307634e-09
1718768996.png,7.701685406027454e-09
1718768997.png,3.198112342144079e-09
1718768998.png,-4.408510111917265e-10
1718768999.png,1.3710657603955756e-09
1718769000.png,5.767509379129249e-09
1718769001.png,-2.6985101663053363e-09
1718769002.png,-7.403765366635636e-09
1718769003.png,-7.153491172860332e-09
1718769004.png,-5.538625304778836e-09
1718769005.png,-6.4785618344074285e-09
1718769006.png,-6.891245105077389e-09
1718769007.png,-2.5175212244908883e-09
1718769008.png,0.0018079885127171267
1718769009.png,0.2447339098390934
1718769010.png,0.02441707271906413
1718769011.png,0.0006035736736816268
1718769012.png,0.15793185908110702
1718769013.png,0.2440168445425701
1718769014.png,6.434814127672997e-05
1718769015.png,0.15438901090985652
1718769016.png,3.216347888075796e-05
1718769017.png,8.987058250667488e-09
1718769018.png,0.00808644738027922
1718769019.png,0.0012171828645794632
1718769020.png,0.10534771359412327
1718769021.png,0.00032256127362838337
1718769022.png,1.6438447153132742e-08
1718769023.png,-2.176069701768694e-09
1718769024.png,-1.3912552408629648e-09
1718769025.png,1.986393139367247e-05
1718769026.png,-6.739304412059084e-07
1718769027.png,3.507509464299838e-07
1718769028.png,4.0607764219258065e-08
1718769029.png,-3.5958012742508328e-09
1718769030.png,0.04382232799233217
1718769031.png,-0.3597750231731601
1718769032.png,0.010280903981687142
1718769033.png,0.0015429284905083438
1718769034.png,0.32422398556161625
1718769035.png,0.05866812414305274
1718769036.png,0.0005885733748049634
1718769037.png,2.2221845055738115e-08
1718769038.png,8.203354425732998e-10
1718769039.png,0.0015570649790095832
1718769040.png,0.028137297848913514
1718769041.png,1.4232707258100248e-06
1718769042.png,0.013963483421340565
1718769043.png,0.06494537581938584
1718769044.png,0.3050652990019906
1718769045.png,0.000190862102504752
1718769046.png,0.0009390416124885322
1718769047.png,6.836935324624936e-08
1718769048.png,-2.3825735069386923e-09
1718769049.png,-1.7108726822022417e-09
1718769050.png,-6.355352440622853e-09
1718769051.png,1.0761678769023354e-08
1718769052.png,-1.3085047624237341e-08
1718769053.png,-2.834760989770441e-09
1718769054.png,1.4792062377230614e-08
1718769055.png,-1.544360169522778e-09
1718769056.png,-0.0017562215733294452
1718769057.png,0.0006623253651088473
1718769058.png,1.7105847757733528e-07
1718769059.png,1.3462840254386806e-08
1718769060.png,-4.9599929984746794e-09
1718769061.png,-3.993337127502367e-09
1718769062.png,0.003696976915646533
1718769063.png,-0.16864447593580492
1718769064.png,0.07401226461210594
1718769065.png,-0.01633729779761614
1718769066.png,-8.686105074188523e-07
1718769067.png,6.74500310723082e-09
1718769068.png,1.72625576567868e-08
1718769069.png,0.0021646899954607156
1718769070.png,0.004069464821104939
1718769071.png,0.4176709015026454
1718769072.png,0.33514697937702953
1718769073.png,0.00015704666907373886
1718769074.png,0.26400912829718826
1718769075.png,0.16337067205063374
1718769076.png,0.31767410937277457
1718769077.png,6.641295655105073e-05
1718769078.png,2.694191452117704e-08
1718769079.png,2.8736166155795663e-09
1718769080.png,0.28484966324519
1718769081.png,0.005172546912459103
1718769082.png,4.6180464928801507e-07
1718769083.png,0.3125511149598462
1718769084.png,0.01368786466032283
1718769085.png,-0.0031002879353976926
1718769086.png,-0.13745851883083604
1718769087.png,-1.1635535195215836e-05
1718769088.png,-0.008820095234201589
1718769089.png,-0.0782458588788478
1718769090.png,-0.02692910901913121
1718769091.png,-0.03183376693442404
1718769092.png,0.013234383119128845
1718769093.png,-0.0003495051662690422
1718769094.png,-0.06915483243670095
1718769095.png,-0.0070667755127607305
1718769096.png,-4.671526585988078e-07
1718769097.png,0.014679199792634726
1718769098.png,-0.047705492585960144
1718769099.png,0.20791715845687492
1718769100.png,4.599496790659222e-05
1718769101.png,0.14083168474486593
1718769102.png,0.026851222588965364
1718769103.png,4.758894551066154e-05
1718769104.png,0.37849077047611035
1718769105.png,9.800822674007893e-05
1718769106.png,0.2970060168722345
1718769107.png,3.088484106495663e-05
1718769108.png,0.22546217677406283
1718769109.png,0.057751314258448455
1718769110.png,0.0021092715550746263
1718769111.png,-0.004432378234610047
1718769112.png,-5.182551438978261e-07
1718769113.png,0.000765550197758536
1718769114.png,1.3747925345487888e-07
1718769115.png,-9.05803632173702e-09
1718769116.png,-1.8795914972899592e-09
1718769117.png,-0.3264722640942722
1718769118.png,-0.0002171636796610987
1718769119.png,0.0012123251437198262
1718769120.png,0.2793832421846491
1718769121.png,2.364863431019345e-05
1718769122.png,-1.569854061613461e-09
1718769123.png,1.6756611898391997e-08
1718769124.png,4.81419535618225e-09
1718769125.png,-8.655594744243492e-10
1718769126.png,3.4111173814482555e-09
1718769127.png,-0.3326503041229284
1718769128.png,0.0021197431009252112
1718769129.png,0.004250880411631908
1718769130.png,3.405621869217819e-07
1718769131.png,3.0535007513359936e-09
1718769132.png,1.719714192852232e-08
1718769133.png,-8.388380232491483e-09
1718769134.png,0.003958884184213115
1718769135.png,0.16968366133920387
1718769136.png,-0.3054345375807573
1718769137.png,0.02037374552786171
1718769138.png,-0.07072761465138405
1718769139.png,0.11053676305757613
1718769140.png,0.0001686203454246807
1718769141.png,0.08603306588330514
1718769142.png,0.0002400395443795718
1718769143.png,2.536877449100215e-08
1718769144.png,0.004796049105509265
1718769145.png,0.1697188438099058
1718769146.png,-0.11134693773370152
1718769147.png,0.04625785094469038
1718769148.png,6.871833903619533e-06
1718769150.png,-2.7615368415020003e-10
1718769151.png,6.501220055482263e-10
1718769152.png,0.0179748598389464
1718769153.png,1.7646286846550628e-06
1718769154.png,0.000297832365701767
1718769155.png,0.0009667812355663031
1718769156.png,-0.04340463457479856
1718769157.png,0.05618499910098919
1718769158.png,6.83389191472239e-06
1718769159.png,-1.0723932802576928e-08
1718769160.png,1.02093922647854e-08
1718769161.png,3.951759404164862e-09
1718769162.png,0.3549641900341002
1718769163.png,7.635660784155354e-05
1718769164.png,2.426356516052686e-08
1718769165.png,-0.04580850765958078
1718769166.png,0.00035555625991872417
1718769167.png,1.8661709883728812e-08
1718769168.png,-3.46867224006366e-09
1718769169.png,-1.2334619247327961e-08
1718769170.png,-8.744492238172271e-09
1718769171.png,1.1338521431346608e-08
1718769172.png,-9.661843209470543e-09
1718769173.png,1.2073846668212199e-08
1718769174.png,1.0610463001765825e-08
1718769175.png,-6.599678063845707e-09
1718769176.png,-8.3493708472683e-10
1718769177.png,0.4315781225180771
1718769178.png,-0.026755491648827425
1718769179.png,-0.0019051540794661679
1718769180.png,-3.905921694820027e-07
1718769181.png,1.1661844489682722e-08
1718769182.png,-1.283370165484257e-08
1718769183.png,0.3066540578074848
1718769184.png,-0.0920312244103384
1718769185.png,-0.32002777085134615
1718769186.png,0.08769736935293565
1718769187.png,7.417543526466482e-06
1718769188.png,1.0376816102352955e-08
1718769189.png,-6.146875854478504e-11
1718769190.png,0.005555362255433528
1718769191.png,0.005028923183932719
1718769192.png,0.1037780927146045
1718769193.png,0.09084085395282097
1718769194.png,0.013760863060376525
1718769195.png,0.0015124842704900014
1718769196.png,1.5161091695152048e-07
1718769197.png,-3.310887132957474e-09
1718769198.png,-0.2767692885046144
1718769199.png,0.0027679475205518293
1718769200.png,4.34486748449805e-07
1718769201.png,-3.004511194460096e-11
1718769202.png,-0.17069007172363077
1718769203.png,-2.7442893346129292e-05
1718769204.png,0.2370359347421394
1718769205.png,5.47117567603177e-05
1718769206.png,6.974943966640749e-09
1718769207.png,2.0750177453136135e-09
1718769208.png,3.313665119152391e-09
1718769209.png,2.935984249119261e-09
1718769210.png,2.761033333120212e-09
1718769211.png,0.09112345303184746
1718769212.png,-0.1060737122302892
1718769213.png,0.0009359704815302741
1718769214.png,-0.10069810967835255
1718769215.png,-0.280000527818374
1718769216.png,0.005869401004291793
1718769217.png,4.110668960752712e-07
1718769218.png,0.045112774953568496
1718769219.png,9.738989178032237e-06
1718769220.png,1.833825799028138e-09
1718769221.png,1.9205636154785024e-09
1718769222.png,-1.267645904491842e-09
1718769223.png,-3.6497412591601557e-09
1718769224.png,0.29780390043452876
1718769225.png,6.756962218988904e-05
1718769226.png,1.2977076922248343e-08
1718769227.png,-6.346175744809672e-09
1718769228.png,-0.14778717287669862
1718769229.png,0.0011795026250137274
1718769230.png,3.954799941885563e-07
1718769231.png,0.3102879823984579
1718769232.png,0.04363574558913778
1718769233.png,0.08349344816709467
1718769234.png,2.3575850786997765e-05
1718769235.png,0.3450407089091806
1718769236.png,-0.35819731122287324
1718769237.png,0.0023514401992957117
1718769238.png,4.3032431076719667e-07
1718769239.png,1.1102885847344758e-08
1718769240.png,1.780670928512034e-08
1718769241.png,0.13626641120679306
1718769242.png,-0.31520574017655145
1718769243.png,0.028566459372633596
1718769244.png,8.464651919139258e-06
1718769245.png,-0.0022904674626141805
1718769246.png,-2.1876237194685438e-07
1718769247.png,-7.796717372837598e-09
1718769248.png,-0.010229439340774336
1718769249.png,-0.014106683287894758
1718769250.png,0.042626428891867546
1718769251.png,9.064081401705591e-05
1718769252.png,-0.25109352036728144
1718769253.png,-2.91652005926399e-05
1718769254.png,0.0023503497793454916
1718769255.png,0.06793677890220576
1718769256.png,-0.0037722272351894365
1718769257.png,-0.16503482342448483
1718769258.png,0.0027118956608381947
1718769259.png,0.0020676384007940734
1718769260.png,2.4502385183468506e-07
1718769261.png,5.716199810460318e-09
1718769262.png,3.592146305157592e-09
1718769263.png,6.823978931288752e-09
1718769264.png,0.0009436424115946646
1718769265.png,0.3412181223771015
1718769266.png,-0.08142008078749927
1718769267.png,0.18999124727537284
1718769268.png,0.0701484524053014
1718769269.png,1.8637675403912043e-05
1718769270.png,0.035034148670143477
1718769271.png,-0.03178027637573335
1718769272.png,0.0019480151568542665
1718769273.png,3.767710580515393e-07
1718769274.png,2.1211308500658645e-08
1718769275.png,-0.005420190445607407
1718769276.png,0.0017123484136331087
1718769277.png,-0.0010472025776029196
1718769278.png,-2.3493988959330942e-07
1718769279.png,-1.7189458583004204e-08
1718769280.png,-0.30114555937455134
1718769281.png,-4.9933976663881094e-05
1718769282.png,1.7718249173274648e-09
1718769283.png,0.0036640090197657058
1718769284.png,-0.16558222621173005
1718769285.png,0.1636742074109998
1718769286.png,1.6137271275289234e-05
1718769287.png,4.958449115293358e-09
1718769288.png,-0.000521631318372497
1718769289.png,-1.435443824553101e-07
1718769290.png,2.654773672168544e-09
1718769291.png,-1.2722636385629753e-08
1718769292.png,0.009498914797873407
1718769293.png,0.1019855360893039
1718769294.png,0.31540237471374094
1718769295.png,0.04260152427317927
1718769296.png,0.00019501159402202513
1718769297.png,-4.318968512549103e-09
1718769298.png,7.943143351431213e-09
1718769299.png,0.12438118362428123
1718769300.png,-0.0029313920086996535
1718769301.png,6.0286207337113305e-06
1718769302.png,0.181693190813149
1718769304.png,-0.01964686866110975
1718769305.png,0.0026592630853717585
1718769306.png,0.002351036392517918
1718769307.png,0.03644122466912937
1718769308.png,0.06187605252564021
1718769309.png,1.1820586459552062e-05
1718769310.png,-2.811777280314487e-09
1718769311.png,0.0004638147406837035
1718769312.png,-1.2146170636307445e-09
1718769313.png,1.434489766247198e-05
1718769314.png,0.3563075920393297
1718769315.png,-0.08763176667427117
1718769316.png,-0.26357399269809556
1718769317.png,0.005389650267814187
1718769318.png,0.29994996640084287
1718769319.png,-0.03340970041669415
1718769320.png,0.00024253031746810787
1718769321.png,-0.3476909587098841
1718769322.png,0.012835750284033538
1718769323.png,-0.08422229357413802
1718769324.png,0.14518766376101394
1718769325.png,0.3146217057109606
1718769326.png,5.20268221792333e-05
1718769327.png,9.661345872325752e-09
1718769328.png,0.0028739300900398855
1718769329.png,0.0035171072218006943
1718769330.png,0.13876964383780618
1718769331.png,0.3105845368900639
1718769332.png,0.26739166429352584
1718769333.png,0.1810477234092145
1718769334.png,0.09544223549588261
1718769335.png,0.1355445937721043
1718769336.png,0.00038118185444908117
1718769337.png,-1.299110321797484e-08
1718769338.png,-0.06423640259315107
1718769339.png,-0.34211149448045075
1718769340.png,-0.02937688062061349
1718769341.png,-0.00040178897830379294
1718769342.png,-0.27622564967757834
1718769343.png,-0.0007570833109267487
1718769344.png,-0.0006348069302892399
1718769345.png,-0.04139657426282228
1718769346.png,-6.102339195785217e-06
1718769347.png,0.15666634394686357
1718769348.png,-0.0011752341906952992
1718769349.png,0.00398469463481985
1718769350.png,0.2592567858179225
1718769351.png,0.23648699190369135
1718769352.png,0.1968145693661316
1718769353.png,0.1660181921936949
1718769354.png,0.22312189355795065
1718769355.png,0.0002458754783301063
1718769356.png,0.08423391148650428
1718769357.png,-0.2203461005534848
1718769358.png,-3.113031401206476e-05
1718769359.png,-2.5054663539465017e-08
1718769360.png,-1.0625176179434196e-08
1718769361.png,-0.1647940279693862
1718769362.png,0.06353175563260555
1718769363.png,1.0675607297522944e-05
1718769364.png,-4.026230348460619e-09
1718769365.png,-0.013677957102838523
1718769366.png,0.028201176222427665
1718769367.png,1.5953478980404466e-06
1718769368.png,-8.410430326267091e-09
1718769369.png,-5.107317678641824e-09
1718769370.png,-0.09001686042251814
1718769371.png,0.0009828873042920317
1718769372.png,5.8769243331691455e-08
1718769373.png,0.013941109536258028
1718769374.png,0.0805745851722934
1718769375.png,0.00011331101735423899
1718769376.png,0.00044949020253775814
1718769377.png,0.3237709082975942
1718769378.png,0.00019990143881192215
1718769379.png,0.33648573635796303
1718769380.png,0.02642058460375694
1718769381.png,0.00024628165619866517
1718769382.png,0.021007354256531715
1718769383.png,2.5782216372514877e-06
1718769384.png,0.024440051236830202
1718769385.png,-0.2299899285640848
1718769386.png,0.00125479680529972
1718769387.png,-0.3124677632205481
1718769388.png,-8.125386974329642e-05
1718769389.png,0.05212312259390202
1718769390.png,0.17085372530434717
1718769391.png,-0.20397157239459174
1718769392.png,-0.2992943368716967
1718769393.png,0.005194522772876116
1718769394.png,5.871714001362235e-07
1718769395.png,0.009274302669409392
1718769396.png,2.631447862529126e-07
1718769397.png,1.6870215290018156e-08
1718769398.png,1.817847028685933e-08
1718769399.png,-1.3314168902173214e-08
1718769400.png,-1.6285965968517347e-08
1718769401.png,0.08617556710475824
1718769402.png,0.00027911635460869786
1718769403.png,1.6151939373985575e-08
1718769404.png,-5.136973248574348e-09
1718769405.png,-0.0014866530187700772
1718769406.png,-1.5988867899008403e-07
1718769407.png,-4.993368709306246e-09
1718769408.png,-1.9756763488045426e-08
1718769409.png,1.6696604359506723e-08
1718769410.png,6.964075784429658e-09
1718769411.png,-1.0527483310657278e-08
1718769412.png,-1.9352508267618144e-08
1718769413.png,-1.96861576274347e-08
1718769414.png,0.19683528635621522
1718769415.png,0.0003549635419833139
1718769416.png,0.24201467605035473
1718769417.png,0.1369488796075954
1718769418.png,1.8656188714927513e-05
1718769419.png,0.008614179284363612
1718769420.png,0.0064000081671043915
1718769421.png,0.07389216699572627
1718769422.png,-4.2891844437520376e-05
1718769423.png,0.20356300647802505
1718769424.png,0.20053499564080937
1718769425.png,0.2129072966746472
1718769426.png,0.3283167561576087
1718769427.png,-0.06192652301809322
1718769428.png,0.0068646102769323826
1718769429.png,0.13626221357170937
1718769430.png,0.32535002796841284
1718769431.png,-0.06793068005416691
1718769432.png,0.3452604879863508
1718769433.png,0.00015611525998035812
1718769434.png,-0.0036258159368845987
1718769435.png,0.005926358397725137
1718769436.png,-0.0009247599181875398
1718769437.png,0.0004201924106059097
1718769438.png,0.19468703396042628
1718769439.png,0.09582771389629108
1718769440.png,1.4554230601885543e-05
1718769441.png,-2.903589153155179e-09
1718769442.png,1.4397053155386791e-09
1718769443.png,-5.5331043755592225e-09
1718769444.png,-1.8752571179432907e-09
1718769445.png,-2.4754899079038858e-09
1718769446.png,-6.397936929244676e-09
